year,country,activity,fatal_(y/n)
2018,USA,Surfing,N
2018,AUSTRALIA,Surfing,N
2018,MEXICO,Diving,N
2018,AUSTRALIA,Surfing,N
2018,BRAZIL,Swimming,Y
2018,USA,Fishing,N
2018,USA,Swimming,N
2018,ENGLAND,Fishing,N
2018,SOUTH AFRICA,Surfing,N
2018,AUSTRALIA,Surfing,N
2018,THAILAND,Swimming,N
2018,COSTA RICA,Diving,N
2018,AUSTRALIA,Surfing,N
2018,AUSTRALIA,Surfing,N
2018,AUSTRALIA,Surfing,N
2018,AUSTRALIA,Surfing,N
2018,MALDIVES,Fishing,N
2018,THAILAND,Swimming,N
2018,AUSTRALIA,Surfing,N
2018,AUSTRALIA,Surfing,N
2018,BAHAMAS,Surfing,N
2018,BRAZIL,Fishing,N
2018,NEW CALEDONIA,Surfing,N
2018,BAHAMAS,Swimming,N
2018,SOUTH AFRICA,Surfing,N
2018,AUSTRALIA,Swimming,N
2018,AUSTRALIA,Surfing,N
2018,SOUTH AFRICA,Diving,N
2018,AUSTRALIA,Swimming,N
2018,AUSTRALIA,Fishing,N
2018,AUSTRALIA,Swimming,N
2018,AUSTRALIA,Fishing,N
2018,NEW CALEDONIA,Fishing,N
2018,AUSTRALIA,Diving,N
2018,AUSTRALIA,Diving,N
2018,BRAZIL,Surfing,N
2018,AUSTRALIA,Surfing,N
2017,USA,Surfing,N
2017,USA,Surfing,N
2017,MALAYSIA,Fishing,N
2017,COSTA RICA,Diving,N
2017,COSTA RICA,Diving,Y
2017,USA,Fishing,N
2017,USA,Surfing,N
2017,AUSTRALIA,Surfing,N
2017,AUSTRALIA,Surfing,N
2017,MAURITIUS,Swimming,N
2017,USA,Surfing,N
2017,USA,Swimming,N
2017,AUSTRALIA,Fishing,N
2017,USA,Swimming,N
2017,USA,Surfing,N
2017,USA,Surfing,N
2017,AUSTRALIA,Surfing,N
2017,USA,Surfing,N
2017,USA,Surfing,N
2017,SPAIN,Surfing,N
2017,USA,Surfing,N
2017,SAMOA,Fishing,N
2017,AUSTRALIA,Fishing,N
2017,USA,Surfing,N
2017,AUSTRALIA,Swimming,N
2017,AUSTRALIA,Surfing,N
2017,SOLOMON ISLANDS,Fishing,N
2017,JAPAN,Surfing,N
2017,USA,Swimming,N
2017,USA,Swimming,N
2017,USA,Surfing,N
2017,AUSTRALIA,Surfing,N
2017,BAHAMAS,Fishing,N
2017,USA,Swimming,N
2017,USA,Fishing,N
2017,USA,Fishing,N
2017,BAHAMAS,Fishing,N
2017,ST HELENA BRITISH OVERSEAS TERRITORY,Surfing,N
2017,SPAIN,Swimming,N
2017,USA,Surfing,N
2017,AUSTRALIA,Surfing,N
2017,USA,Swimming,N
2017,MEXICO,Fishing,N
2017,SOUTH AFRICA,Surfing,N
2017,USA,Swimming,N
2017,USA,Surfing,N
2017,USA,Swimming,N
2017,SPAIN,Swimming,N
2017,FRENCH POLYNESIA,Surfing,N
2017,AUSTRALIA,Surfing,N
2017,USA,Surfing,N
2017,UNITED KINGDOM,Surfing,N
2017,USA,Fishing,N
2017,AUSTRALIA,Fishing,N
2017,UNITED ARAB EMIRATES,Fishing,N
2017,USA,Swimming,N
2017,SOUTH AFRICA,Surfing,N
2017,USA,Surfing,N
2017,AUSTRALIA,Surfing,Y
2017,USA,Surfing,N
2017,USA,Surfing,N
2017,USA,Surfing,N
2017,USA,Surfing,N
2017,USA,Swimming,N
2017,USA,Swimming,N
2017,USA,Swimming,N
2017,USA,Swimming,N
2017,USA,Surfing,N
2017,PHILIPPINES,Fishing,N
2017,AUSTRALIA,Surfing,N
2017,AUSTRALIA,Fishing,N
2017,USA,Swimming,N
2017,SOUTH AFRICA,Fishing,N
2017,BAHAMAS,Diving,N
2017,BRAZIL,Swimming,N
2017,AUSTRALIA,Diving,N
2017,AUSTRALIA,Swimming,N
2017,INDONESIA,Surfing,N
2016,USA,Surfing,N
2016,AUSTRALIA,Diving,N
2016,FRENCH POLYNESIA,Fishing,N
2016,AUSTRALIA,Fishing,N
2016,AUSTRALIA,Surfing,N
2016,AUSTRALIA,Fishing,N
2016,USA,Surfing,N
2016,USA,Surfing,N
2016,AUSTRALIA,Surfing,N
2016,USA,Surfing,N
2016,AUSTRALIA,Surfing,N
2016,AUSTRALIA,Surfing,N
2016,USA,Surfing,N
2016,USA,Surfing,N
2016,AUSTRALIA,Surfing,N
2016,USA,Surfing,N
2016,USA,Surfing,N
2016,USA,Surfing,N
2016,USA,Surfing,N
2016,AUSTRALIA,Surfing,N
2016,AUSTRALIA,Surfing,N
2016,AUSTRALIA,Fishing,N
2016,USA,Swimming,N
2016,NEW CALEDONIA,Surfing,Y
2016,AUSTRALIA,Surfing,N
2016,USA,Fishing,N
2016,USA,Surfing,N
2016,USA,Surfing,N
2016,REUNION,Surfing,N
2016,USA,Surfing,N
2016,SPAIN,Swimming,N
2016,CHINA,Swimming,N
2016,AUSTRALIA,Surfing,N
2016,JAPAN,Surfing,N
2016,AUSTRALIA,Surfing,N
2016,BAHAMAS,Fishing,N
2016,AUSTRALIA,Fishing,N
2016,USA,Fishing,N
2016,USA,Surfing,N
2016,USA,Surfing,N
2016,USA,Swimming,N
2016,BAHAMAS,Diving,N
2016,USA,Fishing,N
2016,USA,Fishing,N
2016,USA,Fishing,N
2016,USA,Swimming,N
2016,AUSTRALIA,Fishing,N
2016,USA,Surfing,N
2016,COLUMBIA,Diving,N
2016,SOUTH AFRICA,Fishing,N
2016,USA,Surfing,N
2016,AUSTRALIA,Fishing,N
2016,USA,Swimming,N
2016,AUSTRALIA,Diving,Y
2016,EGYPT,Swimming,N
2016,NEW CALEDONIA,Surfing,N
2016,AUSTRALIA,Surfing,Y
2016,USA,Swimming,N
2016,USA,Swimming,N
2016,USA,Swimming,N
2016,USA,Swimming,N
2016,USA,Swimming,N
2016,USA,Swimming,N
2016,NEW ZEALAND,Fishing,N
2016,INDONESIA,Surfing,N
2016,USA,Surfing,N
2016,AUSTRALIA,Swimming,N
2016,FRENCH POLYNESIA,Fishing,N
2016,USA,Fishing,N
2016,USA,Fishing,N
2016,AUSTRALIA,Surfing,N
2016,AUSTRALIA,Surfing,N
2016,USA,Surfing,N
2016,FIJI,Diving,Y
2016,AUSTRALIA,Fishing,N
2016,BRAZIL,Swimming,N
2016,NEW CALEDONIA,Surfing,N
2016,NEW CALEDONIA,Fishing,N
2016,AUSTRALIA,Surfing,N
2016,BRAZIL,Swimming,N
2016,SOUTH AFRICA,Fishing,N
2016,USA,Surfing,N
2016,USA,Surfing,N
2016,USA,Fishing,N
2016,UNITED ARAB EMIRATES,Fishing,N
2016,AUSTRALIA,Surfing,N
2016,AUSTRALIA,Fishing,N
2015,SOUTH AFRICA,Fishing,N
2015,SPAIN,Swimming,N
2015,AUSTRALIA,Surfing,N
2015,BRAZIL,Diving,N
2015,AUSTRALIA,Fishing,N
2015,BAHAMAS,Fishing,N
2015,USA,Surfing,N
2015,USA,Swimming,N
2015,USA,Surfing,N
2015,AUSTRALIA,Surfing,N
2015,USA,Swimming,N
2015,MOZAMBIQUE,Fishing,N
2015,AUSTRALIA,Fishing,N
2015,SOUTH AFRICA,Surfing,N
2015,USA,Surfing,N
2015,USA,Surfing,N
2015,MOZAMBIQUE,Fishing,Y
2015,USA,Swimming,N
2015,USA,Fishing,N
2015,USA,Surfing,N
2015,MOZAMBIQUE,Fishing,N
2015,AUSTRALIA,Surfing,N
2015,USA,Surfing,N
2015,USA,Surfing,N
2015,USA,Fishing,N
2015,USA,Surfing,N
2015,USA,Fishing,N
2015,USA,Fishing,N
2015,USA,Swimming,N
2015,USA,Surfing,N
2015,AUSTRALIA,Surfing,N
2015,USA,Fishing,N
2015,FIJI,Fishing,N
2015,USA,Surfing,N
2015,USA,Surfing,N
2015,AUSTRALIA,Surfing,N
2015,USA,Surfing,N
2015,USA,Fishing,N
2015,USA,Fishing,N
2015,AUSTRALIA,Surfing,N
2015,COSTA RICA,Surfing,N
2015,USA,Surfing,N
2015,AUSTRALIA,Diving,Y
2015,USA,Fishing,N
2015,AUSTRALIA,Surfing,N
2015,REUNION,Surfing,N
2015,SOUTH AFRICA,Surfing,N
2015,USA,Surfing,N
2015,BAHAMAS,Fishing,N
2015,AUSTRALIA,Surfing,N
2015,USA,Swimming,N
2015,AUSTRALIA,Surfing,N
2015,USA,Swimming,N
2015,SOUTH AFRICA,Surfing,N
2015,AUSTRALIA,Swimming,N
2015,USA,Surfing,N
2015,USA,Swimming,N
2015,AUSTRALIA,Surfing,N
2015,PUERTO RICO,Fishing,N
2015,USA,Swimming,N
2015,REUNION,Surfing,N
2015,FRENCH POLYNESIA,Fishing,N
2015,USA,Swimming,N
2015,USA,Surfing,N
2015,USA,Swimming,N
2015,AUSTRALIA,Surfing,N
2015,SOUTH AFRICA,Diving,N
2015,AUSTRALIA,Surfing,N
2015,REUNION,Surfing,Y
2015,USA,Fishing,N
2015,SOUTH AFRICA,Fishing,N
2015,EGYPT,Swimming,Y
2015,AUSTRALIA,Fishing,N
2015,MEXICO,Fishing,N
2015,REUNION,Swimming,Y
2015,AUSTRALIA,Surfing,Y
2015,AUSTRALIA,Surfing,N
2015,AUSTRALIA,Surfing,N
2015,USA,Fishing,N
2015,AUSTRALIA,Surfing,N
2015,USA,Fishing,N
2015,AUSTRALIA,Fishing,N
2015,SOUTH AFRICA,Surfing,N
2014,AUSTRALIA,Surfing,N
2014,AUSTRALIA,Fishing,Y
2014,USA,Surfing,N
2014,AUSTRALIA,Fishing,N
2014,JAPAN,Diving,N
2014,AUSTRALIA,Fishing,Y
2014,SPAIN,Fishing,N
2014,AUSTRALIA,Surfing,N
2014,MAURITIUS,Fishing,Y
2014,AUSTRALIA,Fishing,N
2014,USA,Surfing,N
2014,AUSTRALIA,Surfing,N
2014,USA,Surfing,N
2014,USA,Surfing,N
2014,AUSTRALIA,Surfing,N
2014,USA,Surfing,N
2014,AUSTRALIA,Surfing,N
2014,USA,Surfing,N
2014,USA,Surfing,N
2014,USA,Fishing,N
2014,USA,Surfing,N
2014,USA,Surfing,N
2014,AUSTRALIA,Surfing,N
2014,USA,Surfing,N
2014,AUSTRALIA,Swimming,Y
2014,USA,Fishing,N
2014,USA,Fishing,N
2014,USA,Surfing,N
2014,USA,Surfing,N
2014,USA,Fishing,N
2014,SPAIN,Swimming,N
2014,USA,Surfing,N
2014,USA,Fishing,N
2014,AUSTRALIA,Fishing,N
2014,BAHAMAS,Fishing,N
2014,USA,Swimming,N
2014,USA,Swimming,N
2014,USA,Swimming,N
2014,USA,Surfing,N
2014,SOUTH AFRICA,Surfing,N
2014,USA,Swimming,N
2014,REUNION,Surfing,N
2014,USA,Swimming,N
2014,USA,Swimming,N
2014,USA,Surfing,N
2014,USA,Surfing,N
2014,USA,Swimming,N
2014,USA,Surfing,N
2014,USA,Surfing,N
2014,BAHAMAS,Fishing,N
2014,AUSTRALIA,Surfing,N
2014,BRAZIL,Fishing,N
2014,JAPAN,Surfing,N
2014,USA,Swimming,N
2014,AUSTRALIA,Surfing,N
2014,FRANCE,Diving,N
2014,AUSTRALIA,Surfing,N
2014,USA,Surfing,N
2014,USA,Swimming,N
2014,SOUTH AFRICA,Diving,N
2014,USA,Surfing,N
2014,AUSTRALIA,Fishing,N
2014,USA,Swimming,N
2014,SOUTH AFRICA,Fishing,N
2014,USA,Surfing,N
2014,USA,Surfing,N
2014,AUSTRALIA,Swimming,Y
2014,SOUTH AFRICA,Swimming,Y
2014,USA,Surfing,N
2014,USA,Surfing,N
2014,NEW CALEDONIA,Surfing,N
2014,AUSTRALIA,Surfing,N
2014,AUSTRALIA,Swimming,N
2014,USA,Surfing,N
2014,FRENCH POLYNESIA,Surfing,N
2014,AUSTRALIA,Diving,Y
2014,TRINIDAD  TOBAGO,Fishing,N
2014,NEW ZEALAND,Surfing,N
2014,AUSTRALIA,Fishing,N
2014,NEW ZEALAND,Fishing,N
2014,USA,Diving,N
2013,SOUTH AFRICA,Surfing,N
2013,KIRIBATI,Fishing,N
2013,USA,Surfing,N
2013,AUSTRALIA,Surfing,N
2013,USA,Fishing,Y
2013,AUSTRALIA,Surfing,Y
2013,USA,Surfing,N
2013,AUSTRALIA,Surfing,N
2013,BAHAMAS,Fishing,N
2013,USA,Surfing,N
2013,AUSTRALIA,Diving,N
2013,AUSTRALIA,Surfing,N
2013,USA,Diving,N
2013,USA,Surfing,N
2013,AUSTRALIA,Diving,N
2013,USA,Surfing,N
2013,USA,Surfing,N
2013,ISRAEL,Diving,N
2013,USA,Swimming,N
2013,USA,Surfing,N
2013,USA,Swimming,N
2013,USA,Surfing,N
2013,USA,Surfing,N
2013,USA,Swimming,N
2013,BAHAMAS,Fishing,N
2013,USA,Swimming,N
2013,FRANCE,Fishing,N
2013,USA,Surfing,N
2013,USA,Surfing,N
2013,USA,Surfing,N
2013,USA,Fishing,N
2013,USA,Swimming,N
2013,BAHAMAS,Fishing,N
2013,USA,Surfing,N
2013,BAHAMAS,Diving,N
2013,BRAZIL,Swimming,Y
2013,USA,Swimming,N
2013,DIEGO GARCIA,Swimming,Y
2013,AUSTRALIA,Surfing,N
2013,TAIWAN,Fishing,N
2013,USA,Fishing,N
2013,USA,Swimming,N
2013,USA,Swimming,N
2013,USA,Swimming,N
2013,USA,Swimming,N
2013,SOUTH AFRICA,Surfing,N
2013,USA,Surfing,N
2013,USA,Fishing,N
2013,AUSTRALIA,Surfing,N
2013,USA,Diving,N
2013,USA,Swimming,N
2013,PALESTINIAN TERRITORIES,Fishing,N
2013,ECUADOR,Surfing,N
2013,USA,Surfing,N
2013,AUSTRALIA,Fishing,N
2013,MEXICO,Swimming,N
2013,AUSTRALIA,Fishing,N
2013,SOUTH AFRICA,Diving,N
2013,USA,Surfing,N
2013,USA,Swimming,N
2013,USA,Surfing,N
2013,SEYCHELLES,Diving,N
2013,BAHAMAS,Fishing,N
2013,SOUTH AFRICA,Fishing,N
2013,SOUTH AFRICA,Surfing,N
2013,JAMAICA,Fishing,Y
2013,AUSTRALIA,Fishing,N
2013,SOUTH AFRICA,Swimming,N
2013,NEW ZEALAND,Swimming,Y
2013,USA,Surfing,N
2013,USA,Surfing,N
2013,USA,Surfing,N
2013,FRENCH POLYNESIA,Diving,N
2013,AUSTRALIA,Fishing,N
2013,AUSTRALIA,Surfing,N
2013,USA,Surfing,N
2013,NEW ZEALAND,Fishing,N
2013,AUSTRALIA,Diving,N
2012,USA,Swimming,N
2012,AUSTRALIA,Surfing,N
2012,SOUTH AFRICA,Swimming,Y
2012,AUSTRALIA,Surfing,N
2012,USA,Surfing,N
2012,AUSTRALIA,Fishing,N
2012,NEW ZEALAND,Diving,N
2012,MEXICO,Swimming,Y
2012,USA,Surfing,N
2012,USA,Diving,N
2012,USA,Surfing,N
2012,USA,Surfing,N
2012,USA,Swimming,N
2012,USA,Surfing,Y
2012,USA,Surfing,N
2012,USA,Surfing,N
2012,USA,Surfing,N
2012,USA,Surfing,N
2012,USA,Surfing,N
2012,TONGA,Swimming,N
2012,USA,Surfing,N
2012,USA,Surfing,N
2012,USA,Swimming,N
2012,USA,Surfing,N
2012,USA,Surfing,N
2012,USA,Surfing,N
2012,USA,Fishing,N
2012,SCOTLAND,Fishing,N
2012,AUSTRALIA,Surfing,N
2012,BRAZIL,Swimming,Y
2012,AUSTRALIA,Fishing,N
2012,USA,Diving,N
2012,REUNION,Surfing,N
2012,FRENCH POLYNESIA,Fishing,N
2012,USA,Surfing,N
2012,AUSTRALIA,Surfing,N
2012,USA,Surfing,N
2012,USA,Surfing,N
2012,REUNION,Surfing,Y
2012,AUSTRALIA,Surfing,Y
2012,USA,Swimming,N
2012,BAHAMAS,Fishing,N
2012,SOUTH AFRICA,Surfing,N
2012,USA,Swimming,N
2012,USA,Surfing,N
2012,AUSTRALIA,Surfing,N
2012,USA,Swimming,N
2012,USA,Fishing,N
2012,USA,Swimming,N
2012,USA,Swimming,N
2012,USA,Swimming,N
2012,USA,Swimming,N
2012,AUSTRALIA,Surfing,N
2012,USA,Surfing,N
2012,MEXICO,Diving,N
2012,USA,Surfing,N
2012,USA,Fishing,N
2012,FIJI,Fishing,N
2012,USA,Fishing,N
2012,USA,Swimming,N
2012,USA,Surfing,N
2012,USA,Surfing,N
2012,AUSTRALIA,Diving,Y
2012,USA,Surfing,N
2012,AUSTRALIA,Fishing,N
2012,AUSTRALIA,Surfing,N
2012,USA,Surfing,N
2012,USA,Surfing,N
2012,USA,Surfing,N
2012,NEW ZEALAND,Surfing,N
2012,AUSTRALIA,Diving,N
2012,USA,Surfing,N
2012,CHILE,Fishing,N
2012,USA,Surfing,N
2012,AUSTRALIA,Fishing,N
2012,SOUTH AFRICA,Fishing,N
2012,AUSTRALIA,Surfing,N
2012,BAHAMAS,Diving,N
2012,TAIWAN,Fishing,N
2012,AUSTRALIA,Surfing,N
2012,SOUTH AFRICA,Swimming,Y
2012,USA,Surfing,N
2012,AUSTRALIA,Surfing,N
2012,AUSTRALIA,Fishing,N
2011,ECUADOR,Surfing,N
2011,USA,Surfing,N
2011,SOUTH AFRICA,Fishing,N
2011,AUSTRALIA,Surfing,N
2011,AUSTRALIA,Surfing,N
2011,USA,Surfing,N
2011,AUSTRALIA,Surfing,N
2011,INDONESIA,Surfing,N
2011,AUSTRALIA,Swimming,N
2011,PAPUA NEW GUINEA,Diving,N
2011,BRAZIL,Surfing,N
2011,REUNION,Diving,N
2011,USA,Surfing,N
2011,SCOTLAND,Surfing,N
2011,SOUTH AFRICA,Diving,N
2011,AUSTRALIA,Diving,Y
2011,USA,Surfing,N
2011,AUSTRALIA,Diving,N
2011,USA,Surfing,N
2011,USA,Surfing,N
2011,AUSTRALIA,Swimming,Y
2011,USA,Fishing,N
2011,DOMINICAN REPUBLIC,Fishing,N
2011,SOUTH AFRICA,Swimming,N
2011,USA,Fishing,N
2011,KENYA,Swimming,Y
2011,USA,Surfing,N
2011,USA,Surfing,N
2011,PAPUA NEW GUINEA,Surfing,N
2011,USA,Surfing,N
2011,USA,Surfing,N
2011,USA,Surfing,N
2011,USA,Fishing,N
2011,USA,Surfing,N
2011,SOUTH AFRICA,Surfing,Y
2011,RUSSIA,Swimming,N
2011,RUSSIA,Swimming,N
2011,FRENCH POLYNESIA,Surfing,N
2011,USA,Swimming,N
2011,SEYCHELLES,Diving,Y
2011,USA,Fishing,N
2011,SOUTH AFRICA,Surfing,N
2011,USA,Fishing,N
2011,BAHAMAS,Diving,N
2011,USA,Swimming,N
2011,USA,Fishing,N
2011,REUNION,Surfing,N
2011,BRAZIL,Surfing,N
2011,SOUTH AFRICA,Diving,N
2011,USA,Surfing,N
2011,TURKS  CAICOS,Fishing,N
2011,COSTA RICA,Surfing,Y
2011,UNITED KINGDOM,Fishing,N
2011,USA,Diving,N
2011,COLUMBIA,Fishing,N
2011,USA,Fishing,N
2011,SOUTH AFRICA,Surfing,N
2011,USA,Surfing,N
2011,SOUTH AFRICA,Fishing,Y
2011,USA,Surfing,N
2011,USA,Surfing,N
2011,USA,Fishing,N
2011,SOUTH AFRICA,Fishing,N
2011,USA,Fishing,N
2011,USA,Surfing,N
2011,NEW ZEALAND,Surfing,N
2011,INDONESIA,Surfing,N
2011,FIJI,Diving,N
2011,MEXICO,Swimming,N
2011,AUSTRALIA,Surfing,N
2011,MEXICO,Swimming,N
2011,FIJI,Diving,N
2011,AUSTRALIA,Surfing,N
2011,AUSTRALIA,Fishing,N
2011,NEW CALEDONIA,Fishing,N
2011,REUNION,Surfing,N
2011,AUSTRALIA,Diving,Y
2011,AUSTRALIA,Fishing,N
2011,MEXICO,Fishing,N
2011,SOUTH AFRICA,Fishing,N
2011,MEXICO,Swimming,N
2011,MEXICO,Fishing,N
2011,BAHAMAS,Diving,N
2011,SOUTH AFRICA,Surfing,Y
2011,AUSTRALIA,Fishing,N
2010,FIJI,Surfing,N
2010,USA,Surfing,N
2010,INDONESIA,Surfing,N
2010,SAMOA,Fishing,N
2010,DOMINICAN REPUBLIC,Diving,Y
2010,INDONESIA,Surfing,N
2010,AUSTRALIA,Fishing,N
2010,AUSTRALIA,Fishing,N
2010,USA,Surfing,N
2010,AZORES,Fishing,N
2010,USA,Diving,N
2010,AUSTRALIA,Surfing,N
2010,AUSTRALIA,Surfing,N
2010,BAHAMAS,Surfing,N
2010,SOUTH AFRICA,Surfing,N
2010,USA,Surfing,N
2010,USA,Surfing,N
2010,SOUTH AFRICA,Swimming,Y
2010,AUSTRALIA,Surfing,N
2010,USA,Swimming,N
2010,USA,Surfing,N
2010,USA,Surfing,N
2010,USA,Surfing,N
2010,AUSTRALIA,Surfing,Y
2010,USA,Fishing,N
2010,AUSTRALIA,Fishing,N
2010,SOUTH KOREA,Swimming,N
2010,AUSTRALIA,Surfing,N
2010,USA,Surfing,N
2010,MALTA,Surfing,N
2010,USA,Surfing,N
2010,USA,Swimming,N
2010,USA,Swimming,N
2010,USA,Surfing,N
2010,SPAIN,Swimming,N
2010,USA,Fishing,N
2010,USA,Fishing,N
2010,USA,Fishing,N
2010,USA,Surfing,N
2010,USA,Surfing,N
2010,USA,Swimming,N
2010,VIETNAM,Swimming,N
2010,AUSTRALIA,Surfing,N
2010,USA,Surfing,N
2010,USA,Fishing,N
2010,VIETNAM,Swimming,N
2010,AUSTRALIA,Surfing,N
2010,MADAGASCAR,Diving,N
2010,USA,Surfing,N
2010,SOUTH AFRICA,Surfing,N
2010,REUNION,Surfing,N
2010,NEW ZEALAND,Swimming,N
2010,SOUTH AFRICA,Surfing,N
2010,FIJI,Diving,Y
2010,AUSTRALIA,Surfing,N
2010,NEW ZEALAND,Fishing,N
2010,USA,Fishing,N
2010,BRAZIL,Surfing,N
2010,AUSTRALIA,Surfing,N
2010,UNITED ARAB EMIRATES UAE,Surfing,N
2010,AUSTRALIA,Surfing,N
2010,USA,Fishing,N
2010,SOUTH AFRICA,Surfing,N
2009,AUSTRALIA,Swimming,N
2009,MOZAMBIQUE,Swimming,N
2009,AUSTRALIA,Fishing,N
2009,AUSTRALIA,Surfing,N
2009,USA,Diving,N
2009,USA,Fishing,N
2009,USA,Surfing,N
2009,USA,Surfing,N
2009,USA,Surfing,N
2009,USA,Surfing,N
2009,MOZAMBIQUE,Fishing,N
2009,USA,Surfing,N
2009,USA,Surfing,N
2009,SCOTLAND,Diving,N
2009,AUSTRALIA,Diving,N
2009,USA,Surfing,N
2009,UNITED KINGDOM,Fishing,N
2009,USA,Swimming,N
2009,SOMALIA,Fishing,N
2009,USA,Swimming,Y
2009,SOLOMON ISLANDS,Fishing,N
2009,USA,Surfing,N
2009,SOUTH AFRICA,Surfing,Y
2009,USA,Swimming,N
2009,USA,Swimming,N
2009,USA,Surfing,N
2009,USA,Fishing,N
2009,BAHAMAS,Fishing,N
2009,AUSTRALIA,Surfing,N
2009,VIETNAM,Swimming,N
2009,USA,Swimming,N
2009,USA,Swimming,N
2009,VIETNAM,Swimming,N
2009,BAHAMAS,Fishing,N
2009,USA,Surfing,N
2009,SOUTH AFRICA,Surfing,N
2009,USA,Swimming,N
2009,AUSTRALIA,Surfing,N
2009,VIETNAM,Fishing,N
2009,EGYPT,Diving,N
2009,EGYPT,Diving,N
2009,TAIWAN,Fishing,N
2009,USA,Swimming,N
2009,USA,Surfing,N
2009,USA,Surfing,N
2009,USA,Surfing,N
2009,GUAM,Fishing,N
2009,BAHAMAS,Fishing,N
2009,USA,Surfing,N
2009,USA,Surfing,N
2009,PHILIPPINES,Swimming,N
2009,USA,Surfing,N
2009,USA,Surfing,N
2009,USA,Fishing,N
2009,SOUTH AFRICA,Fishing,N
2009,SOUTH AFRICA,Surfing,Y
2009,AUSTRALIA,Surfing,N
2009,AUSTRALIA,Surfing,N
2009,AUSTRALIA,Surfing,N
2009,USA,Surfing,N
2009,USA,Swimming,N
2009,NEW CALEDONIA,Surfing,Y
2009,SOUTH AFRICA,Fishing,N
2009,NEW ZEALAND,Fishing,N
2009,AUSTRALIA,Surfing,N
2009,AUSTRALIA,Fishing,N
2009,AUSTRALIA,Surfing,N
2009,AUSTRALIA,Surfing,N
2009,AUSTRALIA,Diving,N
2009,AUSTRALIA,Surfing,N
2009,AUSTRALIA,Surfing,N
2009,AZORES,Fishing,N
2009,CUBA,Fishing,N
2009,NEW ZEALAND,Fishing,N
2009,AUSTRALIA,Swimming,N
2009,SOUTH AFRICA,Swimming,Y
2009,AUSTRALIA,Fishing,N
2009,NEW ZEALAND,Surfing,N
2009,AUSTRALIA,Surfing,N
2009,AUSTRALIA,Surfing,N
2009,NEW ZEALAND,Fishing,N
2009,ECUADOR,Surfing,N
2009,NEW ZEALAND,Swimming,N
2009,CUBA,Fishing,N
2008,NEW ZEALAND,Fishing,N
2008,SOUTH AFRICA,Fishing,N
2008,AUSTRALIA,Fishing,N
2008,MOZAMBIQUE,Fishing,Y
2008,EGYPT,Diving,N
2008,AUSTRALIA,Fishing,N
2008,TAIWAN,Fishing,Y
2008,PHILIPPINES,Fishing,Y
2008,AUSTRALIA,Diving,N
2008,NEW CALEDONIA,Fishing,N
2008,AUSTRALIA,Fishing,N
2008,AUSTRALIA,Surfing,N
2008,USA,Fishing,N
2008,CROATIA,Fishing,N
2008,USA,Surfing,N
2008,USA,Surfing,N
2008,AUSTRALIA,Swimming,N
2008,USA,Swimming,N
2008,USA,Surfing,N
2008,USA,Surfing,N
2008,AUSTRALIA,Surfing,N
2008,USA,Surfing,N
2008,USA,Surfing,N
2008,USA,Surfing,N
2008,USA,Surfing,N
2008,AUSTRALIA,Surfing,N
2008,ENGLAND,Fishing,N
2008,USA,Surfing,N
2008,USA,Surfing,N
2008,USA,Swimming,N
2008,USA,Diving,N
2008,AUSTRALIA,Surfing,N
2008,PANAMA,Surfing,N
2008,MEXICO,Swimming,N
2008,USA,Swimming,N
2008,USA,Surfing,N
2008,USA,Surfing,N
2008,EGYPT,Diving,N
2008,USA,Surfing,N
2008,USA,Swimming,N
2008,BAHAMAS,Fishing,N
2008,SOUTH AFRICA,Diving,N
2008,USA,Surfing,N
2008,USA,Swimming,N
2008,BRAZIL,Surfing,N
2008,BRAZIL,Surfing,N
2008,USA,Surfing,N
2008,SCOTLAND,Fishing,N
2008,USA,Surfing,N
2008,BRAZIL,Swimming,N
2008,USA,Surfing,N
2008,MEXICO,Surfing,N
2008,MEXICO,Surfing,Y
2008,FIJI,Diving,Y
2008,AUSTRALIA,Swimming,N
2008,NEW CALEDONIA,Fishing,N
2008,SOUTH AFRICA,Fishing,N
2008,MEXICO,Surfing,Y
2008,USA,Surfing,N
2008,USA,Surfing,N
2008,NEW CALEDONIA,Swimming,N
2008,USA,Surfing,N
2008,USA,Swimming,Y
2008,USA,Surfing,N
2008,USA,Surfing,N
2008,FIJI,Fishing,N
2008,USA,Surfing,N
2008,USA,Surfing,N
2008,SOUTH AFRICA,Fishing,N
2008,USA,Surfing,N
2008,USA,Surfing,N
2008,USA,Surfing,N
2008,BAHAMAS,Diving,Y
2008,FRENCH POLYNESIA,Fishing,N
2008,USA,Surfing,N
2008,AUSTRALIA,Surfing,N
2008,USA,Surfing,N
2008,USA,Fishing,N
2008,MEXICO,Surfing,N
2007,ECUADOR,Surfing,N
2007,AUSTRALIA,Surfing,N
2007,AUSTRALIA,Swimming,N
2007,USA,Surfing,N
2007,NEW ZEALAND,Surfing,N
2007,AUSTRALIA,Fishing,N
2007,AUSTRALIA,Surfing,N
2007,SOUTH AFRICA,Surfing,N
2007,USA,Surfing,N
2007,USA,Surfing,N
2007,SOUTH AFRICA,Surfing,N
2007,AUSTRALIA,Fishing,N
2007,USA,Surfing,N
2007,USA,Surfing,N
2007,USA,Surfing,N
2007,NEW CALEDONIA,Swimming,Y
2007,BAHAMAS,Fishing,N
2007,USA,Surfing,N
2007,EGYPT,Swimming,N
2007,USA,Surfing,N
2007,USA,Surfing,N
2007,SOLOMON ISLANDS,Fishing,N
2007,USA,Surfing,N
2007,USA,Swimming,N
2007,USA,Surfing,N
2007,USA,Surfing,N
2007,USA,Surfing,N
2007,USA,Diving,N
2007,USA,Fishing,N
2007,USA,Swimming,N
2007,USA,Surfing,N
2007,USA,Swimming,N
2007,USA,Surfing,N
2007,USA,Swimming,N
2007,USA,Surfing,N
2007,USA,Surfing,N
2007,USA,Fishing,N
2007,USA,Swimming,N
2007,NORWAY,Diving,N
2007,BAHAMAS,Fishing,N
2007,USA,Surfing,N
2007,USA,Swimming,N
2007,USA,Surfing,N
2007,USA,Surfing,N
2007,USA,Swimming,N
2007,AUSTRALIA,Surfing,N
2007,ENGLAND,Fishing,N
2007,AUSTRALIA,Surfing,N
2007,USA,Surfing,N
2007,USA,Swimming,N
2007,USA,Surfing,N
2007,USA,Fishing,N
2007,NEW CALEDONIA,Surfing,N
2007,USA,Surfing,N
2007,USA,Surfing,N
2007,AUSTRALIA,Surfing,N
2007,USA,Fishing,N
2007,AUSTRALIA,Swimming,N
2007,USA,Surfing,N
2007,NEW ZEALAND,Fishing,N
2007,NEW CALEDONIA,Fishing,N
2007,NEW CALEDONIA,Diving,N
2007,AUSTRALIA,Diving,N
2007,SOUTH AFRICA,Surfing,Y
2007,AUSTRALIA,Surfing,N
2007,USA,Surfing,N
2006,AUSTRALIA,Surfing,N
2006,NEW ZEALAND,Surfing,N
2006,USA,Surfing,N
2006,SOUTH AFRICA,Fishing,N
2006,USA,Swimming,N
2006,USA,Surfing,N
2006,USA,Fishing,N
2006,USA,Surfing,N
2006,USA,Surfing,N
2006,BAHAMAS,Diving,N
2006,USA,Surfing,N
2006,USA,Diving,N
2006,USA,Surfing,N
2006,USA,Swimming,N
2006,USA,Surfing,N
2006,USA,Swimming,N
2006,SOUTH AFRICA,Surfing,N
2006,USA,Surfing,N
2006,AUSTRALIA,Surfing,N
2006,REUNION,Surfing,Y
2006,SOUTH AFRICA,Surfing,N
2006,REUNION,Fishing,N
2006,USA,Surfing,N
2006,USA,Surfing,N
2006,USA,Surfing,N
2006,USA,Fishing,N
2006,USA,Swimming,N
2006,USA,Swimming,N
2006,USA,Fishing,N
2006,USA,Fishing,N
2006,USA,Fishing,N
2006,BAHAMAS,Fishing,N
2006,USA,Surfing,N
2006,USA,Diving,N
2006,USA,Surfing,N
2006,AUSTRALIA,Surfing,N
2006,USA,Fishing,N
2006,USA,Surfing,N
2006,USA,Fishing,N
2006,BRAZIL,Surfing,N
2006,USA,Diving,N
2006,USA,Swimming,N
2006,USA,Surfing,N
2006,USA,Fishing,N
2006,AUSTRALIA,Surfing,N
2006,BRAZIL,Swimming,N
2006,SIERRA LEONE,Fishing,Y
2006,USA,Surfing,N
2006,FIJI,Surfing,N
2006,AUSTRALIA,Surfing,N
2006,AUSTRALIA,Swimming,N
2006,AUSTRALIA,Fishing,N
2006,SOUTH AFRICA,Surfing,N
2006,TONGA,Swimming,Y
2006,SOUTH AFRICA,Fishing,N
2006,USA,Surfing,N
2006,AUSTRALIA,Diving,N
2006,AUSTRALIA,Swimming,Y
2006,USA,Surfing,N
2006,SOUTH AFRICA,Diving,N
2005,USA,Surfing,N
2005,USA,Swimming,N
2005,AUSTRALIA,Fishing,N
2005,AUSTRALIA,Fishing,N
2005,USA,Surfing,N
2005,USA,Surfing,N
2005,AUSTRALIA,Fishing,N
2005,AUSTRALIA,Surfing,N
2005,SOUTH AFRICA,Surfing,N
2005,NEW CALEDONIA,Fishing,N
2005,USA,Surfing,N
2005,USA,Surfing,N
2005,SOUTH AFRICA,Fishing,N
2005,USA,Surfing,N
2005,USA,Surfing,N
2005,USA,Surfing,N
2005,SOUTH AFRICA,Surfing,N
2005,USA,Surfing,N
2005,USA,Surfing,N
2005,USA,Surfing,N
2005,GRAND CAYMAN,Diving,N
2005,USA,Surfing,N
2005,BAHAMAS,Diving,N
2005,AUSTRALIA,Surfing,N
2005,AUSTRALIA,Surfing,N
2005,AUSTRALIA,Surfing,N
2005,USA,Surfing,N
2005,USA,Surfing,Y
2005,AUSTRALIA,Surfing,N
2005,USA,Surfing,N
2005,AUSTRALIA,Diving,Y
2005,USA,Surfing,N
2005,USA,Swimming,N
2005,USA,Surfing,N
2005,USA,Swimming,N
2005,USA,Surfing,N
2005,CHINA,Diving,N
2005,USA,Swimming,N
2005,USA,Fishing,N
2005,VANUATU,Swimming,Y
2005,MEXICO ,Surfing,N
2005,USA,Swimming,N
2005,SOUTH KOREA,Diving,N
2005,SOUTH AFRICA,Diving,Y
2005,USA,Swimming,N
2005,SOUTH AFRICA,Surfing,N
2005,AUSTRALIA,Fishing,N
2005,MADAGASCAR,Fishing,N
2005,USA,Surfing,N
2005,AUSTRALIA,Fishing,N
2005,AUSTRALIA,Fishing,N
2005,AUSTRALIA,Surfing,N
2005,USA,Surfing,N
2005,SOUTH AFRICA,Surfing,N
2005,AUSTRALIA,Surfing,N
2005,VENEZUELA,Surfing,N
2005,USA,Diving,N
2005,NEW ZEALAND,Fishing,N
2005,SOLOMON ISLANDS,Diving,N
2005,AUSTRALIA,Swimming,N
2005,USA,Fishing,N
2005,USA,Surfing,N
2005,USA,Fishing,N
2005,BRAZIL,Surfing,N
2005,CUBA,Swimming,N
2005,AUSTRALIA,Fishing,N
2005,NEW ZEALAND,Fishing,N
2004,AUSTRALIA,Fishing,Y
2004,SOUTH AFRICA,Surfing,N
2004,SOUTH AFRICA,Swimming,Y
2004,USA,Surfing,N
2004,NEW CALEDONIA,Diving,N
2004,CUBA,Diving,N
2004,AUSTRALIA,Surfing,N
2004,USA,Surfing,N
2004,USA,Fishing,N
2004,SOUTH AFRICA,Surfing,N
2004,USA,Surfing,N
2004,USA,Surfing,N
2004,AUSTRALIA,Fishing,N
2004,USA,Surfing,N
2004,BRAZIL,Swimming,Y
2004,USA,Surfing,N
2004,USA,Diving,Y
2004,USA,Swimming,N
2004,AUSTRALIA,Fishing,N
2004,SOUTH AFRICA,Fishing,N
2004,USA,Surfing,N
2004,RUSSIA,Diving,N
2004,USA,Surfing,N
2004,USA,Swimming,N
2004,USA,Swimming,N
2004,USA,Fishing,N
2004,AUSTRALIA,Fishing,N
2004,JAPAN,Fishing,N
2004,AUSTRALIA,Surfing,Y
2004,USA,Surfing,N
2004,USA,Diving,N
2004,USA,Swimming,N
2004,BRAZIL,Swimming,N
2004,USA,Surfing,N
2004,BAHAMAS,Diving,N
2004,USA,Surfing,N
2004,BRAZIL,Swimming,Y
2004,AUSTRALIA,Diving,N
2004,NEW ZEALAND,Fishing,N
2004, TONGA,Fishing,Y
2004, TONGA,Fishing,Y
2004,USA,Surfing,Y
2004,SOUTH AFRICA,Surfing,N
2004,USA,Surfing,N
2004,USA,Surfing,N
2004,REUNION,Surfing,N
2004,USA,Swimming,N
2004,NEW ZEALAND,Fishing,N
2004,USA,Surfing,N
2004,AUSTRALIA,Fishing,N
2004,BRAZIL,Swimming,Y
2004,NEW ZEALAND,Surfing,N
2004,AUSTRALIA,Swimming,N
2004,AUSTRALIA,Diving,N
2004,URUGUAY,Surfing,N
2004,VENEZUELA,Swimming,N
2004,VENEZUELA,Fishing,N
2004,AUSTRALIA,Diving,N
2004,SOUTH AFRICA,Surfing,N
2004,AUSTRALIA,Surfing,N
2003,USA,Swimming,N
2003,AUSTRALIA,Surfing,N
2003,AUSTRALIA,Swimming,N
2003,AUSTRALIA,Swimming,N
2003,SOUTH AFRICA,Fishing,Y
2003,USA,Surfing,N
2003,INDIA,Surfing,N
2003,USA,Surfing,N
2003,PANAMA,Fishing,N
2003,USA,Surfing,N
2003,AUSTRALIA,Surfing,N
2003,USA,Surfing,N
2003,USA,Surfing,N
2003,USA,Surfing,N
2003,USA,Surfing,N
2003,USA,Surfing,N
2003,USA,Surfing,N
2003,USA,Fishing,N
2003,USA,Surfing,N
2003,USA,Surfing,N
2003,USA,Surfing,N
2003,USA,Surfing,N
2003,USA,Surfing,N
2003,SOUTH AFRICA,Fishing,N
2003,USA,Fishing,N
2003,USA,Fishing,N
2003,USA,Surfing,N
2003,BAHAMAS,Fishing,N
2003,USA,Surfing,N
2003,BAHAMAS,Fishing,N
2003,USA,Fishing,N
2003,FRENCH POLYNESIA,Fishing,N
2003,USA,Surfing,N
2003,USA,Surfing,N
2003,USA,Swimming,N
2003,USA,Surfing,N
2003,USA,Surfing,N
2003,USA,Surfing,N
2003,USA,Swimming,N
2003,USA,Surfing,N
2003,BRAZIL,Swimming,N
2003,BRAZIL,Surfing,N
2003,BRAZIL,Swimming,N
2003,USA,Surfing,N
2003,USA,Surfing,N
2003,USA,Surfing,N
2003,USA,Surfing,N
2003,USA,Surfing,N
2003,USA,Surfing,N
2003,VENEZUELA,Surfing,N
2003,USA,Surfing,N
2003,USA,Surfing,N
2003,NEW ZEALAND,Diving,N
2003,USA,Swimming,N
2003,AUSTRALIA,Swimming,N
2003,AUSTRALIA,Swimming,Y
2003,COSTA RICA,Surfing,N
2003,AUSTRALIA,Surfing,N
2002,AUSTRALIA,Diving,N
2002,AUSTRALIA,Swimming,Y
2002,BRAZIL,Surfing,Y
2002,MICRONESIA,Diving,N
2002,USA,Swimming,N
2002,USA,Surfing,N
2002,FRENCH POLYNESIA,Fishing,N
2002,USA,Swimming,N
2002,BRAZIL,Swimming,Y
2002,USA,Surfing,N
2002,USA,Surfing,N
2002,USA,Surfing,N
2002,USA,Surfing,N
2002,USA,Surfing,N
2002,USA,Surfing,N
2002,USA,Fishing,N
2002,USA,Fishing,N
2002,TONGA,Swimming,N
2002,USA,Surfing,N
2002,USA,Surfing,N
2002,BRAZIL,Swimming,N
2002,USA,Surfing,N
2002,USA,Swimming,N
2002,USA,Surfing,N
2002,USA,Surfing,N
2002,UNITED KINGDOM,Diving,N
2002,USA,Surfing,N
2002,USA,Swimming,N
2002,USA,Surfing,N
2002,USA,Fishing,Y
2002,BRAZIL,Surfing,N
2002,AUSTRALIA,Surfing,N
2002,USA,Swimming,N
2002,USA,Surfing,N
2002,USA,Surfing,N
2002,USA,Swimming,N
2002,USA,Surfing,N
2002,USA,Fishing,N
2002,COSTA RICA,Surfing,N
2002,USA,Fishing,N
2002,BRAZIL,Surfing,N
2002,AUSTRALIA,Fishing,N
2002,AUSTRALIA,Diving,Y
2002,USA,Surfing,N
2002,USA,Surfing,N
2002,AUSTRALIA,Swimming,N
2002,BRAZIL,Swimming,Y
2002,USA,Surfing,N
2002,TURKS  CAICOS,Fishing,Y
2002,AUSTRALIA,Surfing,N
2002,AUSTRALIA,Surfing,N
2002,AUSTRALIA,Swimming,N
2002,SOUTH AFRICA,Fishing,N
2002,BRAZIL,Swimming,Y
2001,AUSTRALIA,Surfing,N
2001,AUSTRALIA,Surfing,N
2001,USA,Surfing,N
2001,MEXICO,Surfing,N
2001,USA,Surfing,N
2001,USA,Surfing,N
2001,USA,Diving,Y
2001,USA,Surfing,N
2001,UNITED KINGDOM,Diving,N
2001,USA,Fishing,N
2001,USA,Swimming,N
2001,USA,Swimming,Y
2001,USA,Swimming,N
2001,USA,Swimming,Y
2001,BAHAMAS,Fishing,N
2001,USA,Surfing,N
2001,USA,Surfing,N
2001,USA,Surfing,N
2001,USA,Surfing,N
2001,USA,Surfing,N
2001,USA,Surfing,N
2001,USA,Surfing,N
2001,USA,Surfing,N
2001,BAHAMAS,Fishing,N
2001,BAHAMAS,Swimming,N
2001,ITALY,Fishing,N
2001,USA,Fishing,N
2001,USA,Surfing,N
2001,MEXICO,Surfing,N
2001,USA,Swimming,N
2001,USA,Swimming,N
2001,USA,Fishing,N
2001,USA,Swimming,N
2001,USA,Swimming,N
2001,PHILIPPINES,Fishing,N
2001,SOUTH AFRICA,Surfing,N
2001,AUSTRALIA,Surfing,N
2001,USA,Surfing,N
2001,FIJI,Fishing,Y
2001,USA,Surfing,N
2001,USA,Surfing,N
2001,USA,Surfing,N
2001,USA,Surfing,N
2001,USA,Surfing,N
2001,USA,Surfing,N
2001,USA,Surfing,N
2001,USA,Surfing,N
2001,USA,Surfing,N
2001,SOUTH AFRICA,Surfing,N
2001,AUSTRALIA,Surfing,N
2001,USA,Surfing,N
2001,BRAZIL,Swimming,Y
2001,AUSTRALIA,Fishing,N
2001,AUSTRALIA,Surfing,N
2001,CUBA,Swimming,N
2001,AUSTRALIA,Fishing,N
2001,USA,Surfing,N
2000,AUSTRALIA,Diving,N
2000,AUSTRALIA,Fishing,N
2000,CANADA,Diving,N
2000,AUSTRALIA,Fishing,N
2000,NEW ZEALAND,Surfing,Y
2000,AUSTRALIA,Diving,N
2000,USA,Swimming,N
2000,AUSTRALIA,Swimming,N
2000,AUSTRALIA,Swimming,Y
2000,USA,Surfing,N
2000,AUSTRALIA,Fishing,N
2000,USA,Surfing,N
2000,USA,Swimming,N
2000,USA,Surfing,N
2000,USA,Surfing,N
2000,USA,Surfing,N
2000,USA,Surfing,N
2000,AUSTRALIA,Surfing,Y
2000,AUSTRALIA,Surfing,Y
2000,OKINAWA,Surfing,Y
2000,USA,Surfing,N
2000,USA,Surfing,N
2000,USA,Surfing,N
2000,USA,Swimming,N
2000,SOUTH AFRICA,Diving,N
2000,TANZANIA,Swimming,Y
2000,REUNION,Surfing,N
2000,TANZANIA,Swimming,Y
2000,USA,Swimming,N
2000,USA,Surfing,N
2000,USA,Surfing,N
2000,TANZANIA,Swimming,Y
2000,USA,Surfing,N
2000,USA,Surfing,N
2000,SOUTH AFRICA,Surfing,N
2000,SOUTH AFRICA,Surfing,N
2000,SOUTH AFRICA,Surfing,N
2000, TONGA,Diving,N
2000,USA,Swimming,N
2000,USA,Fishing,N
2000,TANZANIA,Swimming,Y
2000,NEW ZEALAND,Fishing,N
2000,USA,Surfing,N
2000,USA,Swimming,N
2000,USA,Swimming,N
2000,TANZANIA,Swimming,Y
2000,PAPUA NEW GUINEA,Diving,Y
2000,USA,Fishing,N
2000,AUSTRALIA,Swimming,N
2000,USA,Surfing,N
2000,NEW CALEDONIA,Fishing,Y
2000,AUSTRALIA,Surfing,N
2000,AUSTRALIA,Swimming,N
2000,USA,Fishing,N
2000,SOUTH AFRICA,Surfing,N
2000,NEW ZEALAND,Surfing,N
2000,AUSTRALIA,Surfing,N
2000,THAILAND,Diving,Y
2000,USA,Fishing,N
1999,NEW ZEALAND,Surfing,N
1999,NEW ZEALAND,Swimming,N
1999,BRAZIL,Surfing,N
1999,BRAZIL,Fishing,N
1999,USA,Surfing,N
1999,USA,Surfing,N
1999,USA,Swimming,N
1999,USA,Surfing,N
1999,SOUTH AFRICA,Surfing,N
1999,BRAZIL,Fishing,N
1999,MARSHALL ISLANDS,Swimming,N
1999,MARSHALL ISLANDS,Swimming,N
1999,USA,Surfing,N
1999,USA,Surfing,N
1999,USA,Surfing,N
1999,USA,Surfing,N
1999,ITALY,Fishing,N
1999,USA,Surfing,N
1999,USA,Surfing,N
1999,USA,Surfing,N
1999,MARSHALL ISLANDS,Fishing,N
1999,USA,Surfing,N
1999,USA,Surfing,N
1999,BAHAMAS,Fishing,N
1999,SOUTH AFRICA,Surfing,N
1999,USA,Surfing,N
1999,SOUTH AFRICA,Surfing,N
1999,USA,Surfing,N
1999,USA,Swimming,N
1999,AUSTRALIA,Surfing,Y
1999,BRAZIL,Surfing,N
1999,MAURITIUS,Swimming,N
1999,USA,Surfing,N
1999,NEW ZEALAND,Diving,N
1999,NEW CALEDONIA,Fishing,N
1999,NEW ZEALAND,Fishing,N
1999,USA,Surfing,N
1999,AUSTRALIA,Surfing,N
1999,USA,Surfing,N
1999,MAURITIUS,Fishing,N
1999,REUNION,Fishing,Y
1999,SOUTH AFRICA,Fishing,N
1998,USA,Surfing,N
1998,SOUTH AFRICA,Surfing,N
1998,AUSTRALIA,Surfing,N
1998,USA,Swimming,Y
1998,USA,Surfing,N
1998,USA,Surfing,N
1998,JAPAN,Fishing,N
1998,BRAZIL,Surfing,Y
1998,USA,Swimming,N
1998,SOUTH AFRICA,Surfing,N
1998,USA,Surfing,N
1998,BRAZIL,Surfing,N
1998,REUNION,Diving,N
1998,USA,Surfing,N
1998,USA,Surfing,N
1998,SOUTH AFRICA,Fishing,N
1998,USA,Surfing,N
1998,SENEGAL,Fishing,N
1998,USA,Surfing,N
1998,USA,Fishing,N
1998,BAHAMAS,Fishing,N
1998,SOUTH AFRICA,Surfing,N
1998,SOUTH AFRICA,Fishing,N
1998,BRAZIL,Surfing,N
1998,USA,Surfing,N
1998,SOUTH AFRICA,Surfing,N
1998,SOUTH AFRICA,Surfing,N
1998,AUSTRALIA,Diving,Y
1998,USA,Surfing,N
1998,SOUTH AFRICA,Surfing,N
1998,SOUTH AFRICA,Surfing,N
1998,USA,Surfing,N
1998,USA,Swimming,N
1998,USA,Surfing,N
1998,USA,Surfing,N
1998,USA,Diving,N
1998,BRAZIL,Swimming,Y
1998,USA,Swimming,N
1998,USA,Swimming,N
1998,NEW CALEDONIA,Surfing,N
1998,SOUTH AFRICA,Surfing,N
1998,AUSTRALIA,Surfing,N
1998,MOZAMBIQUE,Surfing,N
1998,SOUTH AFRICA,Surfing,Y
1998,REUNION,Diving,Y
1998,USA,Fishing,N
1997,SOUTH AFRICA,Fishing,Y
1997,USA,Swimming,N
1997,AUSTRALIA,Diving,N
1997,USA,Swimming,N
1997,USA,Surfing,N
1997,USA,Surfing,N
1997,USA,Surfing,N
1997,SOUTH AFRICA,Fishing,N
1997,USA,Swimming,N
1997,BRAZIL,Swimming,Y
1997,USA,Surfing,N
1997,USA,Surfing,N
1997,USA,Surfing,N
1997,USA,Surfing,N
1997,USA,Surfing,N
1997,USA,Surfing,N
1997,MEXICO,Diving,Y
1997,EGYPT,Fishing,N
1997,EGYPT,Fishing,Y
1997,USA,Surfing,N
1997,USA,Fishing,N
1997,USA,Surfing,N
1997,USA,Surfing,N
1997,AUSTRALIA,Surfing,N
1997,SOUTH AFRICA,Surfing,Y
1997,BRAZIL,Surfing,N
1997,OKINAWA,Fishing,Y
1997,BRAZIL,Surfing,N
1997,USA,Diving,N
1997,USA,Surfing,N
1997,USA,Surfing,N
1997,USA,Fishing,N
1997,USA,Surfing,N
1997,USA,Surfing,N
1997,BAHAMAS,Fishing,N
1997,BAHAMAS,Fishing,N
1997,BRAZIL,Surfing,N
1997,AUSTRALIA,Swimming,N
1997,AUSTRALIA,Diving,N
1997,AUSTRALIA,Surfing,Y
1997,REUNION,Fishing,Y
1996,SOUTH AFRICA,Surfing,N
1996,NEW CALEDONIA,Fishing,Y
1996,USA,Surfing,N
1996,USA,Surfing,N
1996,BRAZIL,Surfing,N
1996,BRAZIL,Surfing,N
1996,USA,Surfing,N
1996,USA,Surfing,N
1996,USA,Surfing,N
1996,USA,Swimming,N
1996,NEW ZEALAND,Diving,N
1996,USA,Surfing,N
1996,SOUTH AFRICA,Fishing,N
1996,USA,Diving,N
1996,USA,Fishing,N
1996,OKINAWA,Swimming,Y
1996,EGYPT  ISRAEL,Diving,N
1996,USA,Swimming,N
1996,USA,Swimming,N
1996,BAHAMAS,Diving,N
1996,USA,Surfing,N
1996,AUSTRALIA,Surfing,N
1996,SOUTH AFRICA,Surfing,N
1996,SOUTH AFRICA,Surfing,N
1996,AUSTRALIA,Diving,Y
1996,USA,Surfing,N
1996,SOUTH KOREA,Diving,Y
1996,USA,Surfing,N
1996,AUSTRALIA,Swimming,N
1996,AUSTRALIA,Swimming,N
1996,BRAZIL,Swimming,Y
1996,AUSTRALIA,Fishing,N
1996,PAPUA NEW GUINEA,Diving,Y
1996,AUSTRALIA,Swimming,N
1996,AUSTRALIA,Swimming,N
1996,REUNION,Surfing,Y
1996,USA,Surfing,N
1995,NEW ZEALAND,Diving,N
1995,USA,Surfing,N
1995,USA,Surfing,N
1995,USA,Surfing,N
1995,USA,Surfing,N
1995,USA,Surfing,N
1995,USA,Surfing,N
1995,USA,Swimming,N
1995,USA,Diving,Y
1995,AUSTRALIA,Diving,Y
1995,USA,Diving,N
1995,USA,Surfing,N
1995,BRAZIL,Surfing,N
1995,USA,Surfing,N
1995,USA,Surfing,N
1995,USA,Swimming,N
1995,USA,Swimming,N
1995,USA,Surfing,N
1995,USA,Diving,N
1995,TONGA,Fishing,N
1995,USA,Surfing,N
1995,USA,Surfing,N
1995,USA,Surfing,N
1995,USA,Surfing,N
1995,USA,Swimming,N
1995,BRAZIL,Surfing,Y
1984,SOUTH AFRICA,Surfing,N
1995,USA,Surfing,N
1995,USA,Fishing,N
1995,USA,Diving,N
1995,USA,Surfing,N
1995,USA,Swimming,N
1995,USA,Swimming,N
1995,USA,Swimming,N
1995,HONG KONG,Swimming,Y
1995,HONG KONG,Swimming,Y
1995,HONG KONG,Diving,Y
1995,USA,Surfing,N
1995,SOUTH KOREA,Diving,Y
1995,AUSTRALIA,Diving,N
1995,JAPAN,Diving,Y
1995,AUSTRALIA,Surfing,N
1995,BRAZIL,Swimming,Y
1995,SOUTH AFRICA,Swimming,N
1995,VENEZUELA,Surfing,N
1995,SOUTH AFRICA,Swimming,Y
1995,BRAZIL,Surfing,N
1994,USA,Surfing,N
1994,BRAZIL,Surfing,N
1994,BRAZIL,Surfing,N
1994,BRAZIL,Surfing,Y
1994,SOUTH AFRICA,Fishing,N
1994,USA,Surfing,N
1994,USA,Surfing,N
1994,BRAZIL,Surfing,N
1994,BRAZIL,Surfing,N
1994,USA,Surfing,N
1994,USA,Swimming,N
1994,USA,Surfing,N
1994,BRAZIL,Surfing,N
1994,BRAZIL,Swimming,Y
1994,REUNION,Surfing,Y
1994,SOUTH AFRICA,Surfing,Y
1994,SOUTH AFRICA,Surfing,N
1994,BRAZIL,Surfing,N
1994,USA,Surfing,N
1994,BAHAMAS,Fishing,N
1994,USA,Surfing,N
1994,USA,Surfing,N
1994,USA,Fishing,N
1994,USA,Surfing,N
1994,USA,Diving,N
1994,SOUTH AFRICA,Fishing,Y
1994,BRAZIL,Surfing,N
1994,SOUTH AFRICA,Fishing,N
1994,USA,Surfing,N
1994,USA,Fishing,N
1994,SOUTH AFRICA,Surfing,N
1994,NEW CALEDONIA,Fishing,Y
1994,BRAZIL,Swimming,N
1994,USA,Surfing,Y
1994,SOUTH AFRICA,Surfing,N
1994,AUSTRALIA,Fishing,N
1994,SOUTH AFRICA,Swimming,N
1994,USA,Surfing,N
1993,USA,Surfing,Y
1993,USA,Swimming,N
1993,AUSTRALIA,Diving,Y
1993,USA,Surfing,N
1993,USA,Surfing,N
1993,USA,Swimming,N
1993,USA,Surfing,N
1993,SOMALIA,Swimming,Y
1993,SOUTH AFRICA,Fishing,N
1993,EL SALVADOR,Surfing,N
1993,EL SALVADOR,Surfing,Y
1993,SPAIN,Swimming,N
1993,BAHAMAS,Fishing,N
1993,USA,Surfing,N
1993,USA,Surfing,N
1993,AUSTRALIA,Fishing,N
1993,USA,Diving,N
1993,NEW CALEDONIA,Fishing,Y
1993,EL SALVADOR,Fishing,Y
1993,SOUTH AFRICA,Surfing,N
1993,BRAZIL,Swimming,Y
1993,HONG KONG,Swimming,Y
1993,MEXICO,Diving,Y
1993,AUSTRALIA,Diving,Y
1993,AUSTRALIA,Diving,Y
1993,HONG KONG,Swimming,Y
1993,USA,Swimming,N
1993,SOMALIA,Swimming,Y
1993,BRAZIL,Surfing,N
1993,USA,Diving,N
1993,NEW CALEDONIA,Swimming,N
1993,AUSTRALIA,Fishing,N
1993,AUSTRALIA,Fishing,N
1993,USA,Surfing,N
1993,ANGOLA,Surfing,N
1993,TONGA,Fishing,N
1992,USA,Diving,N
1992,USA,Surfing,N
1992,USA,Surfing,N
1992,FIJI,Diving,N
1992,USA,Diving,N
1992,USA,Surfing,N
1992,USA,Diving,N
1992,USA,Surfing,N
1992,AUSTRALIA,Diving,N
1992,AUSTRALIA,Surfing,Y
1992,USA,Surfing,N
1992,BRAZIL,Swimming,Y
1992,USA,Fishing,N
1992,AUSTRALIA,Surfing,N
1992,USA,Surfing,N
1992,BRAZIL,Surfing,N
1992,BRAZIL,Surfing,N
1992,BRAZIL,Swimming,Y
1992,REUNION,Surfing,Y
1992,VANUATU,Swimming,N
1992,REUNION,Diving,N
1992,REUNION,Surfing,Y
1992,MEXICO,Diving,N
1992,SOUTH AFRICA,Surfing,N
1992,USA,Surfing,N
1992,AUSTRALIA,Surfing,N
1992,JAPAN,Diving,Y
1992,JAPAN,Fishing,N
1992,USA,Surfing,N
1992,JAPAN,Diving,N
1992,REUNION,Fishing,N
1992,SOUTH AFRICA,Swimming,N
1992,SOUTH AFRICA,Fishing,N
1992,MAURITIUS,Fishing,N
1991,USA,Diving,N
1991,USA,Fishing,Y
1991,USA,Fishing,N
1991,USA,Surfing,N
1991,USA,Surfing,N
1991,AUSTRALIA,Diving,Y
1991,USA,Swimming,N
1991,USA,Fishing,N
1991,USA,Fishing,N
1991,USA,Swimming,N
1991,REUNION,Surfing,N
1991,USA,Surfing,N
1991,HONG KONG,Fishing,Y
1991,USA,Surfing,N
1991,HONG KONG,Swimming,Y
1991,SOUTH AFRICA,Diving,N
1991,BRAZIL,Fishing,N
1991,USA,Diving,N
1991,USA,Surfing,N
1991,AUSTRALIA,Diving,N
1991,USA,Surfing,N
1991,SOUTH AFRICA,Fishing,N
1991,AUSTRALIA,Swimming,N
1991,AUSTRALIA,Surfing,N
1990,AUSTRALIA,Swimming,N
1990,USA,Diving,N
1990,USA,Surfing,N
1990,USA,Surfing,N
1990,USA,Surfing,N
1990,AUSTRALIA,Swimming,N
1990,AUSTRALIA,Surfing,N
1990,USA,Surfing,N
1990,USA,Surfing,N
1990,USA,Surfing,N
1990,SOUTH AFRICA,Fishing,N
1990,USA,Diving,N
1990,USA,Surfing,N
1990,USA,Surfing,N
1990,USA,Fishing,N
1990,USA,Surfing,N
1990,SOUTH AFRICA,Diving,Y
1990,BAHAMAS,Fishing,N
1990,SOUTH AFRICA,Fishing,N
1990,AUSTRALIA,Surfing,N
1990,AUSTRALIA,Diving,Y
1990,AUSTRALIA,Surfing,N
1990,AUSTRALIA,Surfing,N
1990,FIJI,Swimming,N
1990,REUNION,Surfing,N
1990,USA,Diving,Y
1990,USA,Surfing,N
1989,USA,Fishing,N
1989,AUSTRALIA,Surfing,N
1989,SOUTH AFRICA,Diving,Y
1989,AUSTRALIA,Swimming,N
1989,AUSTRALIA,Surfing,N
1989,USA,Surfing,N
1989,SOUTH AFRICA,Diving,N
1989,USA,Fishing,N
1989,USA,Diving,N
1989,USA,Surfing,N
1989,USA,Swimming,N
1989,SOUTH AFRICA,Surfing,N
1989,AUSTRALIA,Surfing,N
1989,BAHAMAS,Fishing,N
1989,AUSTRALIA,Fishing,N
1989,SOUTH AFRICA,Surfing,N
1989,REUNION,Surfing,Y
1989,USA,Surfing,N
1989,USA,Fishing,N
1989,ITALY,Surfing,N
1989,SOUTH AFRICA,Surfing,N
1989,SOUTH AFRICA,Diving,N
1989,USA,Swimming,N
1989,USA,Surfing,N
1989,AUSTRALIA,Surfing,Y
1989,SOUTH AFRICA,Fishing,N
1989,SOUTH AFRICA,Surfing,N
1989,ITALY,Diving,Y
1989,AUSTRALIA,Surfing,N
1989,PAPUA NEW GUINEA,Diving,N
1989,USA,Fishing,N
1988,CHILE,Diving,Y
1988,USA,Surfing,N
1988,AUSTRALIA,Surfing,N
1988,USA,Surfing,N
1988,USA,Surfing,N
1988,USA,Surfing,N
1988,AUSTRALIA,Surfing,N
1988,USA,Surfing,N
1988,USA,Diving,N
1988,USA,Surfing,N
1988,BAHAMAS,Diving,N
1988,BAHAMAS,Fishing,N
1988,BAHAMAS,Diving,N
1988,USA,Swimming,N
1988,BAHAMAS,Fishing,N
1988,SOUTH AFRICA,Fishing,N
1988,USA,Diving,N
1988,USA,Swimming,N
1988,USA,Surfing,N
1988,SOUTH KOREA,Diving,Y
1988,USA,Surfing,N
1988,USA,Surfing,N
1988,USA,Surfing,N
1988,USA,Swimming,N
1988,USA,Surfing,N
1988,USA,Surfing,N
1988,USA,Surfing,N
1988,SOUTH AFRICA,Surfing,N
1988,REUNION,Surfing,N
1988,SOUTH AFRICA,Surfing,N
1988,AUSTRALIA,Fishing,N
1988,FIJI,Diving,N
1988,USA,Fishing,N
1988,AUSTRALIA,Surfing,N
1987,USA,Surfing,N
1987,USA,Surfing,N
1987,USA,Surfing,N
1987,SOUTH AFRICA,Fishing,N
1987,AUSTRALIA,Diving,Y
1987,SOUTH AFRICA,Surfing,N
1987,USA,Surfing,N
1987,USA,Surfing,N
1987,USA,Surfing,N
1987,BAHAMAS,Fishing,N
1987,USA,Fishing,N
1987,USA,Surfing,N
1987,AUSTRALIA,Fishing,N
1987,USA,Swimming,N
1987,VANUATU,Swimming,Y
1987,AUSTRALIA,Surfing,N
1987,USA,Surfing,N
1987,SOUTH AFRICA,Fishing,N
1987,AUSTRALIA,Swimming,N
1986,SOUTH AFRICA,Fishing,N
1986,USA,Surfing,N
1986,USA,Diving,N
1986,NEW CALEDONIA,Fishing,N
1986,USA,Surfing,N
1986,USA,Surfing,N
1986,USA,Surfing,N
1986,USA,Swimming,N
1986,USA,Surfing,N
1986,USA,Surfing,N
1986,USA,Surfing,N
1986,USA,Surfing,N
1986,AUSTRALIA,Diving,N
1986,AUSTRALIA,Fishing,N
1986,SOUTH AFRICA,Fishing,N
1986,AUSTRALIA,Diving,N
1986,SOUTH KOREA,Diving,Y
1986,USA,Fishing,Y
1986,SPAIN,Diving,N
1986,SPAIN,Surfing,N
1986,SOUTH AFRICA,Surfing,N
1986,SOUTH AFRICA,Surfing,N
1986,SOUTH AFRICA,Surfing,N
1986,SOUTH AFRICA,Swimming,N
1986,SOUTH AFRICA,Fishing,N
1986,AUSTRALIA,Surfing,N
1986,USA,Surfing,N
1986,USA,Surfing,N
1985,SOUTH AFRICA,Surfing,N
1985,AUSTRALIA,Fishing,N
1985,USA,Fishing,N
1985,USA,Diving,N
1985,USA,Diving,N
1985,USA,Fishing,N
1985,USA,Diving,N
1985,USA,Diving,N
1985,USA,Surfing,N
1985,USA,Fishing,N
1985,USA,Surfing,N
1985,SOUTH AFRICA,Fishing,N
1985,USA,Surfing,N
1985,AUSTRALIA,Diving,Y
1985,USA,Diving,N
1985,USA,Surfing,N
1985,SOUTH AFRICA,Swimming,N
1985,SOUTH AFRICA,Surfing,N
1985,SOUTH AFRICA,Fishing,N
1985,NEW CALEDONIA,Fishing,N
1985,SOUTH AFRICA,Fishing,N
1985,IRAN,Fishing,Y
1984,USA,Surfing,N
1984,USA,Fishing,N
1984,USA,Surfing,N
1984,USA,Surfing,N
1984,USA,Surfing,N
1984,USA,Diving,N
1984,USA,Surfing,N
1984,USA,Swimming,N
1984,USA,Surfing,N
1984,USA,Diving,Y
1984,MEXICO,Fishing,N
1984,USA,Swimming,N
1984,USA,Swimming,N
1984,USA,Fishing,N
1984,SOUTH AFRICA,Fishing,N
1984,SOUTH AFRICA,Surfing,N
1984,VANUATU,Swimming,Y
1984,SOUTH AFRICA,Fishing,N
1984,SOUTH AFRICA,Surfing,N
1984,SOUTH AFRICA,Fishing,N
1984,SOUTH AFRICA,Diving,N
1984,AUSTRALIA,Fishing,N
1984,SOUTH AFRICA,Swimming,N
1984,USA,Surfing,N
1983,USA,Surfing,N
1983,AUSTRALIA,Diving,N
1983,SOUTH AFRICA,Swimming,N
1983,SOUTH AFRICA,Swimming,N
1983,USA,Surfing,N
1983,USA,Surfing,N
1983,USA,Surfing,N
1983,SOUTH AFRICA,Fishing,N
1983,USA,Swimming,N
1983,USA,Diving,N
1983,USA,Diving,N
1983,USA,Fishing,N
1983,SOUTH AFRICA,Surfing,N
1983,USA,Surfing,N
1983,BAHAMAS,Fishing,N
1983,USA,Swimming,N
1983,BAHAMAS,Fishing,Y
1983,USA,Surfing,N
1983,BAHAMAS,Fishing,N
1983,USA,Surfing,N
1983,USA,Surfing,N
1983,SOUTH AFRICA,Fishing,N
1983,USA,Surfing,N
1983,SOUTH AFRICA,Fishing,N
1983,SOUTH AFRICA,Surfing,N
1983,USA,Surfing,N
1983,USA,Fishing,N
1983,SOUTH AFRICA,Surfing,N
1983,SOUTH AFRICA,Fishing,N
1983,USA,Fishing,N
1982,USA,Surfing,N
1982,SOUTH AFRICA,Surfing,N
1982,SOUTH AFRICA,Surfing,N
1982,USA,Surfing,N
1982,USA,Diving,N
1982,USA,Diving,N
1982,SOUTH AFRICA,Swimming,N
1982,TUNISIA,Surfing,N
1982,USA,Swimming,N
1982,USA,Swimming,N
1982,SOUTH AFRICA,Surfing,Y
1982,USA,Swimming,N
1982,BAHAMAS,Fishing,N
1982,USA,Surfing,N
1982,AUSTRALIA,Surfing,Y
1982,NEW CALEDONIA,Fishing,N
1982,AUSTRALIA,Fishing,Y
1982,USA,Surfing,N
1982,SOUTH AFRICA,Fishing,N
1982,USA,Swimming,N
1982,USA,Swimming,Y
1982,USA,Diving,N
1982,USA,Diving,Y
1982,SOUTH AFRICA,Swimming,N
1982,ITALY,Fishing,N
1981,USA,Surfing,Y
1981,USA,Fishing,N
1981,REUNION,Fishing,N
1981,USA,Diving,N
1981,USA,Swimming,N
1981,USA,Surfing,N
1981,USA,Surfing,N
1981,USA,Surfing,N
1981,USA,Surfing,N
1981,USA,Swimming,Y
1981,USA,Surfing,N
1981,USA,Surfing,N
1981,USA,Surfing,N
1981,USA,Fishing,N
1981,USA,Diving,N
1981,USA,Swimming,N
1981,SOUTH AFRICA,Surfing,N
1981,USA,Fishing,N
1981,ENGLAND,Fishing,N
1981,USA,Diving,Y
1981,SOUTH KOREA,Diving,Y
1981,SOUTH AFRICA,Surfing,N
1981,USA,Diving,N
1981,USA,Diving,N
1981,SOUTH AFRICA,Surfing,N
1981,SOUTH AFRICA,Surfing,N
1981,USA,Surfing,N
1981,CHILE,Diving,N
1981,SOUTH AFRICA,Swimming,N
1981,USA,Surfing,N
1981,BRAZIL,Fishing,N
1981,USA,Fishing,N
1981,GREECE,Diving,N
1980,REUNION,Fishing,N
1980,AUSTRALIA,Swimming,N
1980,BRAZIL,Swimming,Y
1980,USA,Surfing,N
1980,USA,Surfing,N
1980,MEXICO,Diving,Y
1980,SPAIN,Diving,N
1980,USA,Surfing,N
1980,USA,Surfing,N
1980,USA,Surfing,N
1980,USA,Diving,N
1980,SOUTH AFRICA,Surfing,N
1980,JAMAICA,Fishing,N
1980,MEXICO,Surfing,N
1980,SOUTH AFRICA,Diving,Y
1980,BRAZIL,Swimming,N
1980,SOUTH AFRICA,Fishing,N
1980,KENYA,Fishing,N
1980,SOUTH AFRICA,Fishing,N
1980,SOUTH AFRICA,Swimming,N
1980,SOUTH AFRICA,Swimming,N
1980,CHILE,Diving,Y
1980,TONGA,Fishing,N
1979,SOUTH AFRICA,Swimming,N
1979,PORTUGAL,Fishing,Y
1979,SOUTH CHINA SEA,Diving,N
1979,USA,Surfing,N
1979,SOUTH AFRICA,Fishing,N
1979,SOUTH AFRICA,Fishing,N
1979,AUSTRALIA,Diving,N
1979,SOUTH AFRICA,Fishing,N
1979,SOUTH AFRICA,Diving,Y
1979,NEW CALEDONIA,Fishing,N
1979,USA,Swimming,N
1979,USA,Surfing,N
1979,USA,Surfing,N
1979,USA,Diving,N
1979,NEW CALEDONIA,Fishing,Y
1979,SOUTH AFRICA,Surfing,N
1979,USA,Fishing,Y
1978,SOUTH AFRICA,Fishing,Y
1978,USA,Surfing,N
1978,USA,Surfing,N
1978,SOUTH AFRICA,Fishing,N
1978,ITALY,Diving,N
1978,AUSTRALIA,Diving,N
1978,USA,Fishing,N
1978,USA,Surfing,N
1978,USA,Surfing,N
1978,MARSHALL ISLANDS,Diving,N
1978,MARSHALL ISLANDS,Diving,N
1978,AUSTRALIA,Diving,N
1978,SOUTH AFRICA,Fishing,N
1978,SOUTH AFRICA,Diving,N
1978,SOUTH AFRICA,Surfing,N
1978,USA,Surfing,N
1978,VANUATU,Swimming,Y
1977,USA,Surfing,N
1977,SOUTH AFRICA,Surfing,N
1977,SOUTH AFRICA,Fishing,N
1977,SOUTH AFRICA,Fishing,N
1977,AUSTRALIA,Surfing,N
1977,SOUTH AFRICA,Fishing,N
1977,USA,Diving,N
1977,USA,Fishing,N
1977,USA,Diving,N
1977,SOUTH AFRICA,Fishing,N
1977,USA,Swimming,N
1977,SOUTH AFRICA,Swimming,N
1977,MEXICO,Swimming,Y
1976,USA,Diving,N
1976,USA,Surfing,N
1976,SOUTH AFRICA,Fishing,N
1976,USA,Surfing,N
1976,SOUTH AFRICA,Surfing,N
1976,AUSTRALIA,Diving,N
1976,USA,Swimming,Y
1976,USA,Swimming,Y
1976,USA,Surfing,N
1976,USA,Surfing,N
1976,USA,Surfing,N
1976,USA,Fishing,N
1976,USA,Diving,Y
1976,USA,Fishing,N
1976,USA,Diving,N
1976,USA,Swimming,N
1976,ITALY,Fishing,N
1976,SOUTH AFRICA,Fishing,N
1976,SOUTH AFRICA,Fishing,N
1976,SOUTH AFRICA,Fishing,N
1976,SOUTH AFRICA,Fishing,N
1976,USA,Diving,N
1976,NEW ZEALAND,Fishing,Y
1976,USA,Diving,Y
1975,USA,Diving,N
1975,USA,Surfing,N
1975,AUSTRALIA,Surfing,N
1975,SOUTH AFRICA,Surfing,N
1975,USA,Diving,N
1975,AUSTRALIA,Diving,Y
1975,USA,Diving,N
1975,AUSTRALIA,Surfing,N
1975,USA,Diving,N
1975,USA,Diving,N
1975,USA,Swimming,N
1975,AUSTRALIA,Fishing,N
1975,USA,Surfing,N
1975,USA,Swimming,N
1975,USA,Surfing,N
1975,USA,Surfing,N
1975,SOUTH AFRICA,Fishing,N
1975,AUSTRALIA,Diving,N
1975,SOUTH AFRICA,Surfing,N
1975,AUSTRALIA,Fishing,Y
1975,AUSTRALIA,Fishing,N
1975,SOUTH AFRICA,Fishing,N
1975,AUSTRALIA,Surfing,Y
1975,BERMUDA,Fishing,N
1974,USA,Surfing,N
1974,USA,Diving,N
1974,ISRAEL,Swimming,N
1974,USA,Diving,N
1974,USA,Diving,N
1974,AUSTRALIA,Fishing,N
1974,USA,Surfing,N
1974,USA,Surfing,N
1974,USA,Diving,N
1974,USA,Swimming,Y
1974,USA,Swimming,N
1974,USA,Diving,N
1974,BRAZIL,Fishing,Y
1974,SOUTH AFRICA,Fishing,N
1974,USA,Swimming,N
1974,SOUTH AFRICA,Surfing,N
1974,SOUTH AFRICA,Surfing,N
1974,SOUTH AFRICA,Fishing,N
1974,SOUTH AFRICA,Swimming,N
1974,SOUTH AFRICA,Swimming,N
1974,SOUTH AFRICA,Fishing,N
1974,SOUTH AFRICA,Fishing,N
1974,AUSTRALIA,Diving,Y
1974,SOUTH AFRICA,Swimming,N
1974,MOZAMBIQUE,Swimming,Y
1974,MOZAMBIQUE,Swimming,Y
1974,AUSTRALIA,Fishing,N
1973,MOZAMBIQUE,Fishing,N
1973,MOZAMBIQUE,Swimming,Y
1973,PHILIPPINES,Swimming,Y
1973,USA,Swimming,N
1973,USA,Surfing,N
1973,SOUTH AFRICA,Fishing,Y
1973,BAHAMAS,Diving,N
1973,MEXICO,Diving,Y
1973,AUSTRALIA,Surfing,N
1973,MOZAMBIQUE,Fishing,Y
1973,SOUTH AFRICA,Fishing,N
1973,MEXICO,Swimming,Y
1973,SOUTH AFRICA,Fishing,N
1973,USA,Surfing,N
1973,PALAU,Diving,N
1973,PALAU,Diving,N
1973,SOUTH AFRICA,Surfing,N
1972,MOZAMBIQUE,Swimming,N
1972,MEXICO,Surfing,Y
1972,SOUTH AFRICA,Swimming,N
1972,REUNION,Fishing,Y
1972,AUSTRALIA,Fishing,N
1972,AUSTRALIA,Surfing,N
1972,USA,Diving,Y
1972,USA,Surfing,N
1972,NEW ZEALAND,Swimming,N
1972,USA,Surfing,N
1972,USA,Surfing,N
1972,USA,Fishing,N
1972,AUSTRALIA,Diving,N
1972,USA,Surfing,N
1972,USA,Diving,N
1972,FRENCH POLYNESIA,Fishing,N
1972,WESTERN SAMOA,Swimming,Y
1972,MOZAMBIQUE,Swimming,Y
1972,PACIFIC OCEAN ,Fishing,N
1972,USA,Fishing,N
1972,AUSTRALIA,Surfing,N
1972,SOUTH AFRICA,Swimming,Y
1972,FRANCE,Swimming,N
1972,MARSHALL ISLANDS,Diving,N
1971,SOUTH AFRICA,Swimming,N
1971,USA,Surfing,N
1971,SOUTH AFRICA,Swimming,N
1971,USA,Diving,N
1971,USA,Surfing,N
1971,CROATIA,Swimming,Y
1971,AUSTRALIA,Fishing,Y
1971,AUSTRALIA,Diving,N
1971,USA,Diving,N
1971,SOUTH AFRICA,Surfing,N
1971,BRITISH ISLES,Diving,N
1971,KENYA,Swimming,N
1971,SOUTH AFRICA,Swimming,Y
1971,MEXICO,Surfing,Y
1971,NEW ZEALAND,Surfing,N
1971,AUSTRALIA,Swimming,N
1971,AUSTRALIA,Surfing,N
1970,MOZAMBIQUE,Fishing,Y
1970,MOZAMBIQUE,Fishing,Y
1970,MICRONESIA,Fishing,N
1970,USA,Surfing,N
1970,USA,Surfing,N
1970,MICRONESIA,Diving,N
1970,PALAU,Fishing,N
1970,USA,Swimming,N
1970,USA,Diving,N
1970,USA,Fishing,N
1970,SOUTH AFRICA,Diving,N
1970,GRENADA,Swimming,Y
1970,MOZAMBIQUE,Swimming,N
1970,MOZAMBIQUE,Swimming,N
1970,MOZAMBIQUE,Swimming,N
1970,MOZAMBIQUE,Swimming,N
1970,MEXICO,Swimming,N
1970,PAPUA NEW GUINEA,Diving,N
1970,SRI LANKA,Diving,N
1970,SPAIN,Fishing,N
1970,ITALY,Fishing,N
1970,IRAQ,Swimming,Y
1970,IRAQ,Fishing,N
1969,AUSTRALIA,Swimming,N
1969,USA,Diving,N
1969,USA,Diving,N
1969,USA,Diving,N
1969,USA,Fishing,N
1969,USA,Surfing,N
1969,USA,Surfing,N
1969,USA,Diving,N
1969,JAMAICA,Diving,N
1969,USA,Fishing,N
1969,USA,Diving,N
1969,USA,Fishing,N
1969,USA,Surfing,N
1969,AUSTRALIA,Fishing,N
1969,AUSTRALIA,Diving,N
1968,NEW ZEALAND,Surfing,N
1968,SOUTH AFRICA,Fishing,N
1968,SOUTH AFRICA,Fishing,N
1968,USA,Fishing,N
1968,NEW ZEALAND,Fishing,Y
1968,FRENCH POLYNESIA,Swimming,N
1968,COLUMBIA,Fishing,N
1968,USA,Diving,N
1968,USA,Fishing,N
1968,BAHAMAS,Fishing,N
1968,AUSTRALIA,Diving,N
1968,PAPUA NEW GUINEA,Swimming,Y
1968,USA,Surfing,N
1968,USA,Surfing,N
1968,AUSTRALIA,Swimming,N
1968,AUSTRALIA,Fishing,N
1968,MOZAMBIQUE,Diving,N
1968,PAPUA NEW GUINEA,Swimming,Y
1967,SOUTH AFRICA,Surfing,N
1967,AUSTRALIA,Swimming,Y
1967,AUSTRALIA,Diving,N
1967,FIJI,Diving,N
1967,MEXICO,Swimming,Y
1967,TONGA,Swimming,N
1967,USA,Fishing,N
1967,PAPUA NEW GUINEA,Fishing,Y
1967,PAPUA NEW GUINEA,Fishing,Y
1967,ITALY,Fishing,N
1967,AUSTRALIA,Fishing,Y
1967,USA,Fishing,N
1967,TURKEY,Fishing,Y
1967,USA,Fishing,N
1967,ITALY,Fishing,N
1967,UNITED KINGDOM,Fishing,N
1967,NEW ZEALAND,Diving,N
1967,SOUTH AFRICA,Fishing,N
1967,AUSTRALIA,Fishing,N
1967,SOUTH AFRICA,Fishing,N
1967,SOUTH AFRICA,Fishing,N
1966,AUSTRALIA,Fishing,N
1966,AUSTRALIA,Fishing,N
1966,AUSTRALIA,Fishing,N
1966,AUSTRALIA,Fishing,N
1966,PAPUA NEW GUINEA,Swimming,Y
1966,AUSTRALIA,Diving,N
1966,USA,Fishing,N
1966,AUSTRALIA,Fishing,N
1966,NEW BRITAIN,Swimming,Y
1966,NEW BRITAIN,Diving,Y
1966,CROATIA,Swimming,Y
1966,TAIWAN,Diving,N
1966,USA,Diving,N
1966,USA,Fishing,N
1966,TAIWAN,Swimming,Y
1966,PAPUA NEW GUINEA,Swimming,Y
1966,USA,Fishing,N
1966,USA,Swimming,N
1966,FRENCH POLYNESIA,Fishing,N
1966,AUSTRALIA,Fishing,N
1966,USA,Swimming,N
1966,AUSTRALIA,Fishing,N
1966,USA,Diving,N
1966,AUSTRALIA,Fishing,N
1966,SOUTH AFRICA,Surfing,N
1966,NEW ZEALAND,Surfing,Y
1966,USA,Swimming,N
1965,AUSTRALIA,Fishing,N
1965,JOHNSTON ISLAND,Diving,N
1965,AUSTRALIA,Fishing,N
1965,AUSTRALIA,Fishing,Y
1965,AUSTRALIA,Surfing,N
1965,NEW BRITAIN,Fishing,Y
1965,PAPUA NEW GUINEA,Fishing,N
1965,USA,Swimming,N
1965,MEXICO,Swimming,N
1965,PAPUA NEW GUINEA,Fishing,N
1965,MEXICO,Swimming,Y
1965,MEXICO,Swimming,Y
1965,JAMAICA,Diving,N
1965,MEXICO,Swimming,N
1965,USA,Fishing,N
1965,USA,Diving,N
1965,USA,Diving,N
1965,SOUTH AFRICA,Surfing,N
1965,AUSTRALIA,Swimming,N
1965,NEW GUINEA,Diving,Y
1965,USA,Surfing,N
1965,EGYPT,Fishing,N
1964,SOUTH AFRICA,Swimming,N
1964,AUSTRALIA,Fishing,N
1964,KENYA,Fishing,Y
1964,AUSTRALIA,Diving,N
1964,USA,Fishing,N
1964,SOUTH AFRICA,Fishing,N
1964,AUSTRALIA,Surfing,N
1964,TAIWAN,Swimming,Y
1964,TAIWAN,Swimming,N
1964,USA,Swimming,N
1964,USA,Swimming,N
1964,USA,Fishing,N
1964,JAPAN,Swimming,N
1964,PANAMA,Diving,N
1964,SOUTH AFRICA,Fishing,Y
1964,PAPUA NEW GUINEA,Fishing,Y
1964,USA,Fishing,N
1964,PAPUA NEW GUINEA,Fishing,N
1964,FIJI,Fishing,N
1964,FIJI,Fishing,Y
1964,PANAMA,Diving,Y
1964,PAPUA NEW GUINEA,Fishing,Y
1964,AUSTRALIA,Surfing,N
1964,USA,Diving,N
1964,SENEGAL,Diving,N
1964,FIJI,Fishing,N
1964,NEW CALEDONIA,Diving,Y
1964,FIJI,Fishing,Y
1964,NEW ZEALAND,Diving,N
1964,NEW ZEALAND,Fishing,N
1964,NEW ZEALAND,Swimming,Y
1964,COSTA RICA,Swimming,Y
1964,FIJI,Fishing,Y
1964,SOUTH AFRICA,Surfing,N
1964,AUSTRALIA,Diving,N
1964,USA,Diving,N
1964,PAPUA NEW GUINEA,Fishing,Y
1964,FIJI,Swimming,N
1964,SOUTH AFRICA,Diving,N
1963,SOUTH AFRICA,Swimming,N
1963,SOUTH AFRICA,Swimming,Y
1963,AUSTRALIA,Fishing,N
1963,SOUTH AFRICA,Fishing,N
1963,AUSTRALIA,Fishing,N
1963,NEW BRITAIN,Fishing,Y
1963,PAPUA NEW GUINEA,Fishing,N
1963,FIJI,Fishing,N
1963,ITALY,Fishing,N
1963,PALAU,Fishing,N
1963,USA,Fishing,N
1963,NORTH PACIFIC OCEAN,Fishing,N
1963,CHILE,Diving,Y
1963,AUSTRALIA,Surfing,N
1963,USA,Fishing,N
1963,FEDERATED STATES OF MICRONESIA,Fishing,N
1963,USA,Fishing,N
1963,JAMAICA,Fishing,Y
1963,GREECE,Swimming,Y
1963,PAPUA NEW GUINEA,Fishing,N
1963,AUSTRALIA,Fishing,N
1963,USA,Swimming,Y
1963,SOUTH AFRICA,Swimming,N
1963,AUSTRALIA,Surfing,N
1963,USA,Surfing,N
1963,PAPUA NEW GUINEA,Swimming,N
1963,AUSTRALIA,Fishing,N
1963,FIJI,Fishing,N
1963,FIJI,Diving,N
1963,SOUTH AFRICA,Fishing,N
1963,NEW ZEALAND,Fishing,N
1963,SOUTH AFRICA,Fishing,N
1963,SOUTH AFRICA,Diving,N
1963,SOUTH AFRICA,Fishing,N
1963,AUSTRALIA,Fishing,N
1963,SEYCHELLES,Fishing,Y
1962,SOUTH AFRICA,Diving,N
1962,AUSTRALIA,Fishing,Y
1962,SOUTH AFRICA,Fishing,N
1962,AUSTRALIA,Diving,N
1962,USA,Diving,N
1962,AUSTRALIA,Fishing,N
1962,SOUTH AFRICA,Fishing,N
1962,BRITISH WEST INDIES,Fishing,N
1962,MEXICO,Swimming,N
1962,ITALY,Fishing,Y
1962,PAPUA NEW GUINEA,Fishing,N
1962,USA,Diving,N
1962,SOUTH AFRICA,Fishing,N
1962,USA,Fishing,Y
1962,PAPUA NEW GUINEA,Fishing,Y
1962,ITALY,Diving,N
1962,USA,Fishing,N
1962,AUSTRALIA,Fishing,N
1962,USA,Diving,N
1962,USA,Diving,N
1962,FIJI,Fishing,N
1962,AUSTRALIA,Fishing,N
1962,MOZAMBIQUE,Swimming,N
1962,SOUTH AFRICA,Fishing,N
1962,AUSTRALIA,Fishing,N
1962,PAPUA NEW GUINEA,Swimming,Y
1962,NEW ZEALAND,Swimming,N
1962,AUSTRALIA,Fishing,N
1962,SOUTH AFRICA,Swimming,Y
1962,AUSTRALIA,Swimming,N
1962,SOLOMON ISLANDS,Fishing,Y
1962,AUSTRALIA,Fishing,N
1962,NEW ZEALAND,Fishing,N
1962,NEW ZEALAND,Fishing,N
1962,USA,Diving,N
1962,AUSTRALIA,Fishing,N
1962,AUSTRALIA,Surfing,N
1962,AUSTRALIA,Fishing,N
1962,PAPUA NEW GUINEA,Fishing,N
1962,NEW ZEALAND,Fishing,N
1962,AUSTRALIA,Fishing,N
1962,AUSTRALIA,Surfing,N
1962,SOUTH AFRICA,Fishing,N
1962,AUSTRALIA,Fishing,N
1962,MARSHALL ISLANDS,Fishing,N
1962,AUSTRALIA,Diving,N
1961,AUSTRALIA,Fishing,N
1961,AUSTRALIA,Fishing,N
1961,AUSTRALIA,Surfing,Y
1961,CROATIA,Swimming,Y
1961,TANZANIA,Fishing,N
1961,PERSIAN GULF,Diving,N
1961,ITALY,Fishing,N
1961,USA,Swimming,N
1961,BERMUDA,Fishing,N
1961,USA,Fishing,N
1961,PAPUA NEW GUINEA,Fishing,N
1961,USA,Fishing,N
1971,TURKEY,Swimming,N
1961,AUSTRALIA,Fishing,N
1961,ITALY,Fishing,N
1961,PANAMA,Fishing,Y
1961,USA,Diving,Y
1961,USA,Fishing,N
1961,NEW BRITAIN,Fishing,N
1961,PAPUA NEW GUINEA,Fishing,N
1961,USA,Diving,N
1961,AUSTRALIA,Fishing,N
1961,AUSTRALIA,Fishing,N
1961,MOZAMBIQUE,Swimming,N
1961,SOUTH AFRICA,Diving,N
1961,USA,Fishing,N
1961,AUSTRALIA,Fishing,N
1961,AUSTRALIA,Fishing,N
1961,AUSTRALIA,Fishing,N
1961,AUSTRALIA,Fishing,N
1961,AUSTRALIA,Swimming,N
1961,AUSTRALIA,Fishing,N
1961,AUSTRALIA,Fishing,N
1961,NORTH PACIFIC OCEAN,Diving,N
1961,SOUTH AFRICA,Fishing,N
1961,SOUTH AFRICA,Fishing,N
1961,SOUTH AFRICA,Swimming,Y
1961,SOUTH AFRICA,Fishing,N
1961,SOUTH AFRICA,Swimming,N
1961,AUSTRALIA,Fishing,N
1961,MOZAMBIQUE,Swimming,N
1961,AUSTRALIA,Fishing,N
1961,NEW CALEDONIA,Fishing,N
1961,SENEGAL,Diving,Y
1960,USA,Fishing,Y
1960,SOUTH AFRICA,Swimming,Y
1960,AUSTRALIA,Fishing,N
1960,PAPUA NEW GUINEA,Fishing,Y
1960,SOUTH AFRICA,Fishing,N
1960,SOUTH AFRICA,Fishing,N
1960,USA,Fishing,N
1960,USA,Diving,N
1960,PAPUA NEW GUINEA,Diving,N
1960,USA,Fishing,N
1960,PAPUA NEW GUINEA,Fishing,N
1960,USA,Fishing,N
1960,PAPUA NEW GUINEA,Fishing,N
1960,USA,Fishing,N
1960,NEW ZEALAND,Fishing,N
1960,NORTH SEA,Fishing,N
1960,USA,Diving,N
1960,PHILIPPINES,Diving,Y
1960,USA,Swimming,N
1960,PANAMA,Diving,N
1960,BERMUDA,Diving,N
1960,USA,Swimming,N
1960,USA,Diving,N
1960,AUSTRALIA,Fishing,N
1960,SOUTH AFRICA,Fishing,N
1960,AUSTRALIA,Surfing,N
1960,AUSTRALIA,Fishing,N
1960,AUSTRALIA,Fishing,N
1960,AUSTRALIA,Fishing,N
1960,FIJI,Fishing,Y
1960,PHILIPPINES,Fishing,Y
1960,SOUTH AFRICA,Fishing,N
1960,GUAM,Fishing,N
1960,AUSTRALIA,Fishing,N
1960,NEW ZEALAND,Fishing,N
1960,SENEGAL,Fishing,N
1960,PAPUA NEW GUINEA,Fishing,Y
1960,AUSTRALIA,Fishing,N
1960,AUSTRALIA,Fishing,N
1960,AUSTRALIA,Diving,Y
1960,AUSTRALIA,Fishing,N
1960,GRENADA,Fishing,N
1960,SRI LANKA,Fishing,N
1960,FIJI,Fishing,N
1960,PAPUA NEW GUINEA,Fishing,Y
1960,PAPUA NEW GUINEA,Fishing,N
1960,MOZAMBIQUE,Swimming,Y
1959,AUSTRALIA,Fishing,N
1959,AUSTRALIA,Fishing,N
1959,NEW ZEALAND,Fishing,N
1959,AUSTRALIA,Surfing,N
1959,SOUTH AFRICA,Fishing,N
1959,AUSTRALIA,Fishing,N
1959,AUSTRALIA,Fishing,N
1959,PAPUA NEW GUINEA,Fishing,N
1959,MOZAMBIQUE,Swimming,Y
1959,USA,Diving,N
1959,FIJI,Fishing,N
1959,PHILIPPINES,Swimming,N
1959,AZORES,Fishing,N
1959,USA,Fishing,Y
1959,USA,Fishing,N
1959,PHILIPPINES,Fishing,Y
1959,USA,Fishing,N
1959,CROATIA,Fishing,N
1959,JAPAN,Swimming,Y
1959,USA,Fishing,N
1959,USA,Fishing,N
1959,USA,Diving,N
1959,USA,Diving,Y
1959,SOUTH AFRICA,Fishing,N
1959,USA,Fishing,N
1959,AUSTRALIA,Diving,N
1959,USA,Fishing,N
1959,SOUTH AFRICA,Fishing,N
1959,AUSTRALIA,Fishing,N
1959,USA,Swimming,N
1959,AUSTRALIA,Fishing,N
1959,PAPUA NEW GUINEA,Fishing,N
1959,AUSTRALIA,Surfing,N
1959,SOUTH AFRICA,Swimming,N
1959,MOZAMBIQUE,Fishing,Y
1959,AUSTRALIA,Diving,N
1959,SOUTH KOREA,Swimming,Y
1959,PAPUA NEW GUINEA,Fishing,N
1959,PAPUA NEW GUINEA,Fishing,N
1959,PAPUA NEW GUINEA,Fishing,N
1958,SOUTH AFRICA,Swimming,Y
1958,USA,Surfing,Y
1958,AUSTRALIA,Swimming,Y
1958,PAPUA NEW GUINEA,Fishing,Y
1958,USA,Fishing,N
1958,BAHAMAS,Fishing,N
1958,USA,Fishing,N
1958,CROATIA,Swimming,N
1958,MEXICO,Swimming,Y
1958,KENYA,Swimming,Y
1958,USA,Diving,N
1958,PAPUA NEW GUINEA,Swimming,Y
1958,BAHAMAS,Fishing,N
1958,USA,Diving,N
1958,TAIWAN,Diving,N
1958,PAPUA NEW GUINEA,Fishing,N
1958,USA,Fishing,N
1958,AUSTRALIA,Fishing,N
1958,AUSTRALIA,Surfing,N
1958,SOUTH AFRICA,Swimming,Y
1958,TONGA,Fishing,N
1958,PANAMA,Diving,N
1958,PAPUA NEW GUINEA,Fishing,Y
1958,PAPUA NEW GUINEA,Fishing,Y
1958,PAPUA NEW GUINEA,Fishing,N
1958,SOUTH AFRICA,Fishing,N
1958,SOUTH AFRICA,Fishing,Y
1957,AUSTRALIA,Fishing,N
1957,SOUTH AFRICA,Diving,N
1957,SOUTH AFRICA,Surfing,N
1957,AUSTRALIA,Fishing,N
1957,USA,Fishing,N
1957,USA,Swimming,Y
1957,AUSTRALIA,Diving,N
1957,AUSTRALIA,Fishing,N
1957,SOLOMON ISLANDS,Fishing,N
1957,USA,Swimming,Y
1957,AUSTRALIA,Surfing,N
1957,PAPUA NEW GUINEA,Diving,N
1957,SOLOMON ISLANDS,Diving,N
1957,FIJI,Fishing,N
1957,USA,Diving,N
1957,CUBA,Fishing,N
1957,CUBA,Fishing,Y
1957,USA,Diving,N
1957,FIJI,Fishing,N
1957,PAPUA NEW GUINEA,Fishing,Y
1956,PAPUA NEW GUINEA,Fishing,Y
1956,PAPUA NEW GUINEA,Fishing,Y
1956,GABON,Swimming,Y
1956,NEW ZEALAND,Fishing,N
1956,SOUTH AFRICA,Diving,N
1956,PAPUA NEW GUINEA,Fishing,N
1956,SENEGAL,Diving,N
1956,PAPUA NEW GUINEA,Fishing,Y
1956,USA,Fishing,N
1956,MAYOTTE,Fishing,Y
1956,ITALY,Diving,N
1956,PAPUA NEW GUINEA,Fishing,Y
1956,PAPUA NEW GUINEA,Fishing,N
1956,USA,Diving,Y
1956,AUSTRALIA,Diving,N
1956,SOUTH AFRICA,Diving,N
1956,MALTA,Fishing,N
1956,PAPUA NEW GUINEA,Fishing,N
1956,PAPUA NEW GUINEA,Fishing,N
1956,USA,Fishing,N
1956,MALTA,Swimming,Y
1956,USA,Swimming,N
1956,AUSTRALIA,Fishing,N
1956,PORTUGAL,Fishing,Y
1956,SOUTH AFRICA,Fishing,N
1956,CUBA,Diving,Y
1956,AUSTRALIA,Diving,N
1956,AUSTRALIA,Diving,Y
1956,AUSTRALIA,Swimming,N
1956,AUSTRALIA,Diving,N
1956,COSTA RICA,Swimming,Y
1956,PAPUA NEW GUINEA,Diving,N
1955,USA,Fishing,N
1955,PAPUA NEW GUINEA,Swimming,N
1955,PAPUA NEW GUINEA,Fishing,N
1955,AUSTRALIA,Fishing,N
1955,JAPAN,Fishing,Y
1955,USA,Surfing,N
1955,CROATIA,Swimming,Y
1955,AMERICAN SAMOA,Swimming,Y
1955,USA,Fishing,N
1955,AUSTRALIA,Fishing,N
1955,MONTENEGRO,Swimming,Y
1955,YEMEN,Swimming,Y
1955,USA,Fishing,N
1955,PAPUA NEW GUINEA,Fishing,N
1955,PAPUA NEW GUINEA,Fishing,N
1955,PAPUA NEW GUINEA,Fishing,N
1955,USA,Fishing,N
1955,AUSTRALIA,Surfing,Y
1955,USA,Diving,N
1955,USA,Fishing,N
1955,AUSTRALIA,Swimming,Y
1955,INDIA,Fishing,N
1955,CUBA,Fishing,N
1955,COLUMBIA,Fishing,N
1954,AUSTRALIA,Swimming,Y
1954,SOUTH AFRICA,Swimming,N
1954,USA,Fishing,N
1954,UNITED KINGDOM,Fishing,N
1954,USA,Swimming,N
1954,HONG KONG,Swimming,Y
1954,AUSTRALIA,Fishing,Y
1954,ITALY,Fishing,N
1954,CUBA,Fishing,N
1954,CUBA,Fishing,N
1954,ECUADOR,Fishing,N
1954,SINGAPORE,Diving,Y
1954,THE BALKANS,Swimming,Y
1954,BERMUDA,Swimming,N
1954,GREECE,Swimming,Y
1954,AUSTRALIA,Diving,N
1954,PAPUA NEW GUINEA,Fishing,Y
1954,SUDAN,Fishing,N
1954,AUSTRALIA,Swimming,Y
1954,AUSTRALIA,Swimming,N
1954,AUSTRALIA,Fishing,N
1954,MEXICO,Diving,Y
1954,USA,Fishing,N
1954,PAPUA NEW GUINEA,Swimming,N
1953,SOUTH AFRICA,Swimming,N
1953,SOUTH AFRICA,Swimming,N
1953,USA,Diving,N
1953,USA,Fishing,N
1953,USA,Fishing,Y
1953,USA,Fishing,N
1953,CANADA,Fishing,N
1953,USA,Swimming,N
1953,AUSTRALIA,Fishing,N
1953,AUSTRALIA,Fishing,N
1953,AUSTRALIA,Fishing,N
1953,AUSTRALIA,Fishing,N
1953,AUSTRALIA,Fishing,N
1953,AUSTRALIA,Fishing,N
1953,AUSTRALIA,Fishing,N
1952,AUSTRALIA,Fishing,N
1952,ITALY,Fishing,N
1952,USA,Swimming,Y
1952,USA,Surfing,Y
1952,USA,Fishing,Y
1952,PAPUA NEW GUINEA,Fishing,N
1952,ITALY,Fishing,Y
1952,USA,Fishing,N
1952,USA,Fishing,N
1952,USA,Fishing,N
1952,USA,Fishing,N
1952,USA,Fishing,N
1952,AUSTRALIA,Fishing,N
1952,INDIA,Fishing,N
1952,AUSTRALIA,Fishing,N
1952,SUDAN,Fishing,N
1952,MAURITIUS,Fishing,N
1952,AUSTRALIA,Surfing,N
1952,LIBERIA,Diving,Y
1952,PAPUA NEW GUINEA,Fishing,N
1952,PAPUA NEW GUINEA,Fishing,Y
1952,PAPUA NEW GUINEA,Fishing,Y
1952,USA,Swimming,Y
1951,MOZAMBIQUE,Swimming,Y
1951,AUSTRALIA,Fishing,N
1951,SOUTH AFRICA,Swimming,N
1951,JAMAICA,Fishing,N
1951,AUSTRALIA,Swimming,Y
1951,ITALY,Swimming,Y
1951,ITALY,Fishing,N
1951,GREECE,Swimming,N
1951,GREECE,Swimming,Y
1951,ITALY,Diving,N
1951,USA,Fishing,Y
1951,FRENCH POLYNESIA,Fishing,N
1951,MEXICO,Diving,N
1951,AUSTRALIA,Fishing,N
1951,SOUTH AFRICA,Surfing,N
1951,SOUTH AFRICA,Surfing,N
1951,AUSTRALIA,Fishing,N
1951,AUSTRALIA,Swimming,N
1951,SOUTH AFRICA,Swimming,Y
1950,AUSTRALIA,Swimming,N
1950,AUSTRALIA,Diving,N
1950,AUSTRALIA,Surfing,N
1950,USA,Surfing,N
1950,AUSTRALIA,Fishing,N
1950,EL SALVADOR,Fishing,N
1950,SAUDI ARABIA,Diving,N
1950,AUSTRALIA,Fishing,N
1950,JAPAN,Swimming,Y
1950,ITALY,Fishing,N
1950,USA,Swimming,N
1950,USA,Diving,N
1950,USA,Swimming,N
1950,ITALY,Fishing,N
1950,AUSTRALIA,Fishing,Y
1950,SOUTH AFRICA,Fishing,N
1950,AUSTRALIA,Fishing,N
1950,SOUTH AFRICA,Surfing,Y
1950,AUSTRALIA,Swimming,N
1950,SRI LANKA,Fishing,N
1950,SRI LANKA,Fishing,N
1950,GREECE,Swimming,Y
1950,SINGAPORE,Diving,Y
1950,NEW CALEDONIA,Fishing,N
1950,NEW CALEDONIA,Diving,N
1949,AUSTRALIA,Diving,N
1949,AUSTRALIA,Swimming,N
1949,AUSTRALIA,Swimming,Y
1949,ITALY,Swimming,N
1949,IRAN,Swimming,N
1949,IRAN,Swimming,Y
1949,USA,Fishing,N
1949,CHINA,Fishing,Y
1949,AUSTRALIA,Fishing,N
1949,ITALY,Fishing,N
1949,PAPUA NEW GUINEA,Fishing,Y
1949,NEW GUINEA,Swimming,Y
1948,AUSTRALIA,Swimming,Y
1948,AUSTRALIA,Fishing,N
1948,AUSTRALIA,Diving,N
1948,GREECE,Swimming,Y
1948,USA,Swimming,N
1948,USA,Fishing,N
1848,TURKEY,Swimming,Y
1948,IRAN,Swimming,N
1948,USA,Swimming,Y
1948,NORTHERN MARIANA ISLANDS,Swimming,N
1948,IRAN,Fishing,N
1948,PAPUA NEW GUINEA,Fishing,N
1948,AUSTRALIA,Swimming,Y
1948,NEW GUINEA,Fishing,N
1948,PAPUA NEW GUINEA,Fishing,N
1948,SOUTH AFRICA,Fishing,N
1947,AUSTRALIA,Fishing,N
1947,SENEGAL,Diving,Y
1947,AUSTRALIA,Fishing,N
1947,AUSTRALIA,Fishing,N
1947,AUSTRALIA,Fishing,N
1947,AUSTRALIA,Swimming,Y
1947,AUSTRALIA,Swimming,N
1947,AUSTRALIA,Fishing,N
1947,BRAZIL,Swimming,Y
1947,USA,Swimming,Y
1947,USA,Fishing,N
1947,AUSTRALIA,Diving,N
1947,SOUTH AFRICA,Swimming,N
1947,USA,Fishing,N
1947,AUSTRALIA,Fishing,N
1947,KENYA,Swimming,N
1947,SOUTH AFRICA,Surfing,N
1947,AUSTRALIA,Surfing,N
1947,AUSTRALIA,Fishing,N
1946,AUSTRALIA,Diving,Y
1946,MARSHALL ISLANDS,Fishing,Y
1946,AUSTRALIA,Swimming,N
1946,ISRAEL,Fishing,N
1946,IRAN,Fishing,N
1946,IRAN,Swimming,N
1946,TANZANIA,Swimming,N
1946,AUSTRALIA,Swimming,Y
1946,AUSTRALIA,Fishing,N
1946,AUSTRALIA,Fishing,N
1946,SOUTH AFRICA,Swimming,N
1946,SOUTH AFRICA,Swimming,N
1946,AUSTRALIA,Swimming,Y
1946,SOUTH AFRICA,Surfing,N
1945,IRAN,Swimming,N
1945,AUSTRALIA,Swimming,Y
1945,USA,Swimming,Y
1945,ISRAEL,Swimming,N
1945,JAMAICA,Diving,N
1945,IRAQ,Swimming,N
1944,USA,Fishing,N
1944,AUSTRALIA,Fishing,N
1944,USA,Swimming,N
1944,SOUTH AFRICA,Swimming,Y
1944,SOUTH AFRICA,Swimming,Y
1944,SOUTH AFRICA,Surfing,Y
1944,AUSTRALIA,Fishing,N
1944,AUSTRALIA,Surfing,N
1944,SOUTH AFRICA,Swimming,Y
1943,PORTUGAL,Fishing,N
1943,AUSTRALIA,Fishing,N
1943,SOUTH AFRICA,Swimming,Y
1943,MEXICO,Swimming,Y
1943,SOLOMON ISLANDS,Swimming,N
1943,IRAQ,Swimming,N
1943,USA,Fishing,N
1943,USA,Fishing,N
1942,SOUTH AFRICA,Swimming,N
1942,SOUTH AFRICA,Swimming,Y
1942,AUSTRALIA,Diving,N
1942,AUSTRALIA,Swimming,Y
1942,AUSTRALIA,Fishing,N
1942,PANAMA,Swimming,Y
1941,AUSTRALIA,Swimming,N
1941,USA,Fishing,N
1941,USA,Fishing,N
1941,USA,Fishing,N
1941,USA,Fishing,N
1941,USA,Fishing,N
1941,AUSTRALIA,Fishing,N
1940,SOUTH AFRICA,Swimming,Y
1940,AUSTRALIA,Fishing,N
1940,USA,Fishing,N
1940,AUSTRALIA,Diving,N
1940,SOUTH AFRICA,Swimming,Y
1940,AUSTRALIA,Swimming,Y
1940,AUSTRALIA,Swimming,N
1940,SOUTH AFRICA,Swimming,Y
1940,AUSTRALIA,Diving,N
1939,AUSTRALIA,Swimming,Y
1939,SAMOA,Fishing,Y
1939,AUSTRALIA,Diving,N
1939,USA,Fishing,N
1939,AUSTRALIA,Diving,N
1939,USA,Fishing,N
1939,BAHAMAS,Diving,N
1939,NEW ZEALAND,Fishing,N
1939,BAHAMAS,Fishing,N
1939,CURACAO,Diving,N
1938,AUSTRALIA,Swimming,Y
1938,AUSTRALIA,Fishing,N
1938,USA,Fishing,N
1938,USA,Swimming,N
1938,TURKEY,Fishing,N
1938,USA,Fishing,N
1938,AUSTRALIA,Diving,Y
1938,AUSTRALIA,Diving,N
1938,COSTA RICA,Fishing,Y
1938,AUSTRALIA,Fishing,N
1938,EGYPT,Diving,Y
1938,TRINIDAD  TOBAGO,Surfing,N
1938,USA,Fishing,N
1938,AUSTRALIA,Diving,N
1938,SOUTH AFRICA,Swimming,N
1937,AUSTRALIA,Diving,Y
1937,AUSTRALIA,Swimming,Y
1937,AUSTRALIA,Swimming,Y
1937,CROATIA,Fishing,N
1937,SCOTLAND,Fishing,N
1937,AUSTRALIA,Diving,N
1937,PANAMA,Swimming,Y
1937,AUSTRALIA,Diving,Y
1937,AUSTRALIA,Fishing,N
1937,USA,Swimming,Y
1937,USA,Fishing,N
1937,AUSTRALIA,Swimming,Y
1937,AUSTRALIA,Fishing,N
1937,AUSTRALIA,Fishing,N
1936,USA,Diving,N
1936,AUSTRALIA,Fishing,N
1936,AUSTRALIA,Swimming,Y
1936,AUSTRALIA,Fishing,Y
1936,AUSTRALIA,Fishing,N
1936,USA,Swimming,N
1936,AUSTRALIA,Diving,N
1936,CANADA,Fishing,N
1936,AUSTRALIA,Diving,N
1936,USA,Fishing,N
1936,USA,Fishing,N
1936,AUSTRALIA,Diving,N
1936,SOUTH AFRICA,Fishing,N
1936,AUSTRALIA,Diving,Y
1936,USA,Swimming,Y
1936,AUSTRALIA,Diving,N
1936,AUSTRALIA,Diving,N
1936,USA,Fishing,N
1936,AUSTRALIA,Diving,N
1936,AUSTRALIA,Swimming,Y
1936,AUSTRALIA,Swimming,Y
1935,AUSTRALIA,Diving,N
1935,USA,Swimming,Y
1935,PAPUA NEW GUINEA,Swimming,Y
1935,AUSTRALIA,Diving,Y
1935,PANAMA,Fishing,Y
1935,CROATIA,Swimming,Y
1935,USA,Fishing,N
1935,SOLOMON ISLANDS,Fishing,Y
1935,AUSTRALIA,Diving,N
1935,AUSTRALIA,Diving,N
1935,AUSTRALIA,Diving,N
1935,AUSTRALIA,Surfing,N
1935,AUSTRALIA,Swimming,Y
1935,AUSTRALIA,Surfing,N
1935,AUSTRALIA,Fishing,N
1935,AUSTRALIA,Fishing,N
1934,BERMUDA,Fishing,N
1934,AUSTRALIA,Diving,Y
1934,BERMUDA,Fishing,N
1934,ITALY,Fishing,N
1934,CROATIA,Swimming,Y
1934,USA,Swimming,N
1934,AUSTRALIA,Fishing,N
1934,AUSTRALIA,Fishing,N
1934,AUSTRALIA,Surfing,N
1934,SOUTH AFRICA,Swimming,Y
1934,SOUTH AFRICA,Swimming,N
1934,AUSTRALIA,Fishing,N
1934,TURKEY,Fishing,N
1933,AUSTRALIA,Diving,Y
1933,AUSTRALIA,Diving,N
1933,AUSTRALIA,Diving,N
1933,ISRAEL,Fishing,N
1933,USA,Fishing,N
1933,USA,Swimming,N
1933,AUSTRALIA,Diving,N
1933,AUSTRALIA,Fishing,N
1933,USA,Swimming,Y
1933,AUSTRALIA,Diving,N
1933,AUSTRALIA,Fishing,N
1933,AUSTRALIA,Swimming,Y
1932,NEW ZEALAND,Fishing,N
1932,AUSTRALIA,Swimming,N
1932,CAPE VERDE,Swimming,Y
1932,USA,Fishing,N
1932,AUSTRALIA,Diving,N
1932,CANADA,Fishing,N
1932,USA,Fishing,N
1932,USA,Fishing,N
1932,FIJI,Diving,Y
1932,AUSTRALIA,Diving,Y
1932,AUSTRALIA,Diving,N
1932,USA,Swimming,N
1932,AUSTRALIA,Fishing,N
1932,AUSTRALIA,Swimming,N
1932,MEXICO,Fishing,Y
1931,AUSTRALIA,Diving,N
1931,JAMAICA,Diving,Y
1931,USA,Swimming,N
1931,USA,Swimming,N
1931,CUBA,Swimming,Y
1931,USA,Fishing,N
1931,CUBA,Swimming,Y
1931,USA,Swimming,N
1931,USA,Swimming,N
1931,FIJI,Swimming,N
1931,USA,Swimming,N
1931,USA,Fishing,N
1931,AUSTRALIA,Fishing,Y
1931,TURKEY,Fishing,N
1931,AUSTRALIA,Fishing,N
1931,AUSTRALIA,Diving,N
1931,AUSTRALIA,Swimming,N
1930,AUSTRALIA,Swimming,N
1930,AUSTRALIA,Fishing,N
1930,AUSTRALIA,Fishing,N
1930,HONDURAS,Swimming,Y
1930,AUSTRALIA,Fishing,N
1930,SPAIN,Swimming,N
1930,USA,Swimming,N
1930,CUBA,Swimming,N
1930,USA,Swimming,N
1930,TURKEY,Fishing,N
1930,USA,Diving,N
1930,AUSTRALIA,Diving,N
1930,AUSTRALIA,Diving,Y
1930,MEXICO,Fishing,Y
1930,SOUTH AFRICA,Swimming,N
1930,MAURITIUS,Fishing,Y
1930,SOUTH AFRICA,Swimming,Y
1929,AUSTRALIA,Diving,Y
1929,AUSTRALIA,Diving,N
1929,AUSTRALIA,Surfing,N
1929,AUSTRALIA,Diving,N
1929,CUBA,Fishing,N
1929,AUSTRALIA,Diving,N
1929,SPAIN,Fishing,N
1929,MEXICO,Swimming,N
1929,USA,Fishing,N
1929,AUSTRALIA,Diving,N
1929,AUSTRALIA,Diving,N
1929,AUSTRALIA,Diving,N
1929,USA,Swimming,N
1929,AUSTRALIA,Surfing,Y
1929,AUSTRALIA,Swimming,Y
1929,AUSTRALIA,Swimming,Y
1929,AUSTRALIA,Surfing,Y
1929,TURKEY,Fishing,Y
1929,FIJI,Diving,Y
1929,USA,Fishing,N
1929,USA,Diving,N
1928,AUSTRALIA,Diving,N
1928,USA,Fishing,N
1928,PANAMA,Swimming,Y
1928,USA,Fishing,N
1928,AUSTRALIA,Diving,N
1928,USA,Swimming,N
1928,AUSTRALIA,Fishing,N
1928,JAMAICA,Diving,Y
1928,AUSTRALIA,Diving,Y
1928,COSTA RICA,Swimming,N
1928,COSTA RICA,Swimming,N
1928,SOUTH AFRICA,Surfing,N
1927,SOUTH AFRICA,Swimming,Y
1927,AUSTRALIA,Diving,N
1927,AUSTRALIA,Diving,N
1927,AUSTRALIA,Surfing,N
1927,NEW ZEALAND,Fishing,N
1927,SOUTH AFRICA,Surfing,N
1927,USA,Swimming,N
1927,AUSTRALIA,Swimming,Y
1927,AUSTRALIA,Swimming,Y
1927,AUSTRALIA,Diving,N
1926,AUSTRALIA,Diving,Y
1926,AUSTRALIA,Diving,N
1926,USA,Swimming,Y
1926,ITALY,Swimming,Y
1926,USA,Fishing,N
1926,USA,Swimming,Y
1926,USA,Swimming,N
1926,AUSTRALIA,Swimming,Y
1926,SOUTH AFRICA,Swimming,N
1925,SPAIN,Fishing,N
1925,ENGLAND,Fishing,N
1925,USA,Swimming,N
1925,AUSTRALIA,Swimming,Y
1925,PAPUA NEW GUINEA,Swimming,Y
1925,USA,Swimming,N
1925,CANADA,Diving,N
1925,FIJI,Diving,N
1924,FRENCH POLYNESIA,Diving,N
1924,ENGLAND,Fishing,N
1924,USA,Fishing,N
1924,AUSTRALIA,Fishing,Y
1924,SOLOMON ISLANDS,Swimming,N
1924,SPAIN,Fishing,N
1924,SOUTH AFRICA,Swimming,Y
1924,SOUTH AFRICA,Swimming,N
1923,AUSTRALIA,Swimming,N
1923,AUSTRALIA,Fishing,Y
1923,AUSTRALIA,Fishing,N
1923,AUSTRALIA,Diving,N
1923,GUYANA,Fishing,N
1923,AUSTRALIA,Diving,N
1923,AUSTRALIA,Diving,Y
1923,AUSTRALIA,Diving,N
1923,USA,Swimming,N
1923,AUSTRALIA,Swimming,Y
1923,USA,Fishing,N
1923,USA,Fishing,N
1922,USA,Fishing,N
1922,BARBADOS,Fishing,Y
1922,USA,Diving,N
1922,ENGLAND,Swimming,Y
1922,USA,Fishing,N
1922,JAMAICA,Swimming,Y
1922,SOUTH AFRICA,Swimming,N
1922,AUSTRALIA,Swimming,Y
1922,JAMAICA,Fishing,N
1922,AUSTRALIA,Swimming,Y
1922,AUSTRALIA,Swimming,Y
1922,AUSTRALIA,Surfing,Y
1921,AUSTRALIA,Swimming,N
1921,FIJI,Swimming,Y
1921,AUSTRALIA,Diving,N
1921,AUSTRALIA,Diving,Y
1921,ENGLAND,Fishing,N
1921,PHILIPPINES,Swimming,Y
1920,AUSTRALIA,Diving,N
1920,USA,Swimming,N
1920,AUSTRALIA,Diving,N
1920,AUSTRALIA,Diving,Y
1920,AUSTRALIA,Swimming,Y
1919,AUSTRALIA,Swimming,N
1919,AUSTRALIA,Swimming,Y
1919,USA,Swimming,N
1919,AUSTRALIA,Swimming,N
1919,NEW ZEALAND,Swimming,N
1919,ITALY,Fishing,N
1919,USA,Swimming,N
1918,USA,Fishing,Y
1918,AUSTRALIA,Surfing,N
1918,AUSTRALIA,Diving,N
1917,AUSTRALIA,Swimming,N
1917,USA,Diving,Y
1917,PHILIPPINES,Swimming,Y
1917,KUWAIT,Diving,N
1917,LIBYA,Diving,N
1916,AUSTRALIA,Swimming,Y
1916,USA,Fishing,Y
1916,USA,Fishing,N
1916,USA,Swimming,N
1916,USA,Swimming,N
1916,USA,Swimming,Y
1916,SPAIN,Diving,N
1916,USA,Swimming,Y
1916,USA,Swimming,Y
1916,USA,Swimming,N
1916,AUSTRALIA,Swimming,Y
1915,AUSTRALIA,Diving,N
1915,MEXICO,Fishing,Y
1915,AUSTRALIA,Diving,N
1915,AUSTRALIA,Swimming,N
1914,AUSTRALIA,Swimming,N
1914,USA,Swimming,Y
1914,USA,Fishing,N
1914,MONTENEGRO,Fishing,N
1914,USA,Fishing,N
1913,USA,Fishing,N
1913,AUSTRALIA,Swimming,N
1913,COSTA RICA,Swimming,Y
1913,USA,Fishing,N
1913,AUSTRALIA,Diving,N
1913,REUNION,Swimming,Y
1912,USA,Swimming,Y
1912,USA,Swimming,N
1912,NEW ZEALAND,Swimming,N
1912,AUSTRALIA,Diving,N
1912,AUSTRALIA,Swimming,N
1912,NEW CALEDONIA,Swimming,N
1912,AUSTRALIA,Swimming,Y
1911,AUSTRALIA,Diving,N
1911,USA,Fishing,N
1911,USA,Fishing,N
1911,SOUTH AFRICA,Swimming,Y
1911,NEW ZEALAND,Fishing,N
1911,AUSTRALIA,Swimming,Y
1911,USA,Swimming,N
1911,NEW ZEALAND,Fishing,Y
1910,NORTH ATLANTIC OCEAN,Fishing,N
1910,MEXICO,Swimming,N
1910,NEW ZEALAND,Swimming,N
1909,AUSTRALIA,Fishing,N
1909,USA,Fishing,Y
1909,USA,Fishing,N
1909,USA,Swimming,N
1909,SPAIN,Fishing,N
1909,TUNISIA,Diving,Y
1908,SOUTH AFRICA,Swimming,Y
1908,USA,Fishing,N
1907,CHINA,Fishing,N
1907,CHINA,Fishing,Y
1907,USA,Diving,N
1907,CROATIA,Swimming,Y
1907,CROATIA,Swimming,Y
1907,CROATIA,Swimming,Y
1907,CROATIA,Swimming,Y
1907,USA,Fishing,Y
1907,MALTA,Fishing,Y
1907,VIETNAM,Fishing,N
1907,USA,Fishing,Y
1906,JAMAICA,Fishing,N
1906,USA,Swimming,Y
1906,USA,Diving,N
1906,USA,Swimming,Y
1906,INDONESIA,Swimming,N
1906,INDONESIA,Swimming,Y
1906,AUSTRALIA,Swimming,Y
1906,USA,Fishing,N
1906,YEMEN ,Diving,N
1906,USA,Swimming,Y
1906,INDONESIA,Diving,Y
1906,AUSTRALIA,Diving,Y
1905,AUSTRALIA,Swimming,Y
1905,USA,Fishing,N
1905,USA,Fishing,N
1905,USA,Fishing,Y
1905,USA,Swimming,N
1905,SOUTH AFRICA,Swimming,Y
1904,USA,Swimming,Y
1904,ITALY,Swimming,Y
1904,NEW ZEALAND,Swimming,Y
1904,REUNION ISLAND,Swimming,Y
1904,USA,Swimming,Y
1903,USA,Fishing,N
1903,AUSTRALIA,Swimming,Y
1903,AUSTRALIA,Swimming,Y
1903,CRETE,Diving,Y
1903,USA,Fishing,Y
1902,NICARAGUA,Swimming,Y
1902,AUSTRALIA,Swimming,Y
1902,USA,Fishing,N
1902,ITALY,Swimming,Y
1902,CROATIA,Fishing,N
1902,ITALY,Fishing,N
1902,USA,Swimming,N
1902,EGYPT,Diving,N
1902,AUSTRALIA,Swimming,N
1901,CYPRUS,Swimming,Y
1901,SOUTH AFRICA,Swimming,Y
1901,PHILIPPINES,Swimming,N
1900,SOUTH AFRICA,Swimming,Y
1900,AUSTRALIA,Swimming,N
1900,CROATIA,Swimming,Y
1900,SOUTH AFRICA,Swimming,N
1899,AUSTRALIA,Fishing,N
1899,LIBYA,Diving,N
1899,LIBYA,Diving,Y
1899,MEXICO,Swimming,Y
1899,USA,Swimming,Y
1899,ITALY,Fishing,N
1898,USA,Swimming,N
1898,CUBA,Swimming,Y
1898,SRI LANKA,Swimming,Y
1898,USA,Fishing,N
1898,YEMEN ,Diving,Y
1897,MARSHALL ISLANDS,Fishing,Y
1897,USA,Fishing,N
1897,USA,Fishing,Y
1896,AUSTRALIA,Fishing,N
1896,AUSTRALIA,Swimming,Y
1896,SRI LANKA,Diving,N
1896,USA,Fishing,Y
1895,BARBADOS,Diving,N
1895,AUSTRALIA,Fishing,Y
1895,YEMEN ,Diving,Y
1895,USA,Fishing,N
1895,USA,Swimming,Y
1895,USA,Fishing,N
1895,AUSTRALIA,Diving,Y
1895,NEW ZEALAND,Swimming,N
1895,INDONESIA,Swimming,Y
1895,AUSTRALIA,Swimming,N
1895,AUSTRALIA,Swimming,Y
1894,USA,Fishing,N
1894,USA,Swimming,Y
1894,USA,Fishing,N
1894,FRANCE,Fishing,Y
1892,AUSTRALIA,Fishing,N
1892,AUSTRALIA,Swimming,N
1892,AUSTRALIA,Fishing,N
1892,AUSTRALIA,Diving,Y
1891,AUSTRALIA,Swimming,N
1890,USA,Fishing,N
1890,CROATIA,Swimming,N
1890,EGYPT,Swimming,Y
1890,CEYLON,Diving,Y
1890,MALTA,Fishing,Y
1890,NEW ZEALAND,Swimming,Y
1889,INDIA,Swimming,Y
1889,USA,Swimming,Y
1889,USA,Fishing,N
1889,USA,Fishing,N
1888,INDIAN OCEAN,Swimming,N
1888,AUSTRALIA,Swimming,Y
1888,AUSTRALIA,Fishing,N
1888,LIBYA,Diving,N
1887,ITALY,Swimming,N
1887,NEW ZEALAND,Swimming,Y
1887,SOUTH AFRICA,Swimming,Y
1886,AUSTRALIA,Fishing,N
1886,SOUTH AFRICA,Diving,N
1886,AUSTRALIA,Diving,N
1886,SOUTH AFRICA,Swimming,Y
1885,SOUTH AFRICA,Fishing,N
1884,SOUTH AFRICA,Swimming,Y
1883,AUSTRALIA,Swimming,Y
1883,GEORGIA,Fishing,N
1883,AUSTRALIA,Diving,N
1883,AUSTRALIA,Diving,Y
1883,PACIFIC OCEAN,Fishing,Y
1882,AUSTRALIA,Diving,Y
1882,AUSTRALIA,Fishing,Y
1882,AUSTRALIA,Diving,Y
1881,USA,Swimming,N
1881,ITALY,Fishing,N
1880,AUSTRALIA,Swimming,Y
1880,AUSTRALIA,Fishing,N
1879,INDIA,Swimming,Y
1879,AUSTRALIA,Swimming,N
1879,SPAIN,Fishing,N
1878,INDONESIA,Swimming,Y
1878,USA,Fishing,N
1878,USA,Swimming,Y
1878,USA,Swimming,Y
1877,AUSTRALIA,Fishing,N
1877,AUSTRALIA,Fishing,N
1877,AUSTRALIA,Swimming,N
1876,USA,Fishing,Y
1876,GREECE,Diving,Y
1876,AUSTRALIA,Swimming,Y
1876,LEBANON,Diving,Y
1876,AUSTRALIA,Diving,N
1875,AUSTRALIA,Fishing,N
1874,CROATIA,Fishing,N
1874,FRANCE,Fishing,N
1874,USA,Fishing,N
1874,CANADA,Fishing,N
1873,USA,Fishing,N
1871,USA,Fishing,N
1871,USA,Fishing,N
1871,AUSTRALIA,Fishing,N
1870,AUSTRALIA,Fishing,N
1869,AUSTRALIA,Fishing,N
1868,AUSTRALIA,Fishing,N
1868,AUSTRALIA,Swimming,Y
1867,EGYPT,Swimming,Y
1865,SOUTH AFRICA,Fishing,Y
1864,USA,Swimming,N
1863,USA,Fishing,N
1863,GREECE,Swimming,Y
1862,NEW ZEALAND,Swimming,N
1862,SPAIN,Swimming,Y
1861,EQUATORIAL GUINEA  CAMEROON,Swimming,Y
1860,CANADA,Fishing,Y
1860,USA,Swimming,N
1860,NEW ZEALAND,Swimming,N
1858,USA,Swimming,Y
1857,USA,Swimming,Y
1856,FIJI,Swimming,Y
1856,ENGLAND,Swimming,Y
1855,AUSTRALIA,Swimming,Y
1855,SOLOMON ISLANDS,Swimming,Y
1853,AUSTRALIA,Swimming,N
1853,USA,Diving,N
1853,USA,Swimming,Y
1853,GREECE,Swimming,N
1853,USA,Diving,N
1852,PACIFIC OCEAN,Fishing,N
1852,USA,Swimming,Y
1852,NEW ZEALAND,Swimming,Y
1851,USA,Swimming,Y
1851,USA,Diving,N
1849,PERU,Swimming,Y
1849,AUSTRALIA,Swimming,Y
1848,USA,Swimming,N
1847,AUSTRALIA,Swimming,N
1847,GREECE,Swimming,Y
1845,AUSTRALIA,Fishing,Y
1844,ALGERIA,Swimming,Y
1842,USA,Swimming,N
1840,AUSTRALIA,Swimming,Y
1840,WEST INDIES,Swimming,Y
1834,FRENCH POLYNESIA,Swimming,Y
1832,AUSTRALIA,Fishing,N
1830,USA,Fishing,Y
1828,USA,Surfing,Y
1827,SIERRA LEONE,Swimming,N
1827,SIERRA LEONE,Swimming,N
1825,AUSTRALIA,Swimming,Y
1817,USA,Swimming,Y
1817,INDIA,Swimming,Y
1817,SRI LANKA,Swimming,Y
1816,USA,Swimming,Y
1812,ENGLAND,Swimming,N
1808,JAMAICA,Swimming,Y
1792,ENGLAND,Fishing,Y
1788,AUSTRALIA,Fishing,N
1784,JAMAICA,Swimming,Y
1780,USA,Swimming,Y
1779,USA,Surfing,Y
1771,USA,Fishing,Y
1764,SPAIN,Swimming,Y
1751,USA,Swimming,Y
1749,CUBA,Swimming,N
1748,PANAMA,Diving,Y
1738,ITALY,Swimming,Y
1721,ITALY,Swimming,Y
1703,BARBADOS,Swimming,N
1642,USA,Swimming,Y
1543,VENEZUELA,Diving,Y
